 ,Label,Area,Mean,Min,Max
1,Grid-1,0.769,2398.836,702,4001
2,Grid-1,0.763,2268.022,700,3955
3,Grid-1,0.737,2283.999,700,3412
4,Grid-1,0.76,2176.17,700,2960
5,Grid-1,0.764,2123.856,704,3089
6,Grid-1,0.763,2032.973,715,2895
7,Grid-1,0.731,2046.952,700,2832
8,Grid-1,0.767,2179.666,701,2947
9,Grid-1,0.766,2150.225,700,2977
10,Grid-1,0.768,2157.268,700,3007
11,Grid-1,0.744,2444.664,702,3596
12,Grid-1,0.762,2615.311,701,3801
13,Grid-1,0.764,2448.813,700,3442
14,Grid-1,0.775,2227.318,701,3099
15,Grid-1,0.739,2151.398,702,2909
16,Grid-1,0.765,2221.57,700,3034
17,Grid-1,0.775,2280.862,700,3269
18,Grid-1,0.776,2278.769,700,3174
19,Grid-1,0.742,2306.819,700,3173
20,Grid-1,0.743,2224.764,701,4094
21,Grid-1,0.767,2115.584,700,3082
22,Grid-1,0.768,2097.427,703,3172
23,Grid-1,0.746,2209.474,701,3030
24,Grid-1,0.744,2233.131,709,3085
25,Grid-1,0.764,2441.537,702,3676
26,Grid-1,0.761,2258.431,700,3254
27,Grid-1,0.74,2293.575,701,3948
28,Grid-1,0.762,2229.406,701,3029
29,Grid-1,0.759,2171.109,705,3269
30,Grid-1,0.773,2111.713,703,3032
31,Grid-1,0.738,2121.519,703,2947
32,Grid-1,0.767,2168.481,708,3090
33,Grid-1,0.774,2073.717,700,3181
34,Grid-1,0.77,2143.064,700,2914
35,Grid-1,0.744,2434.98,701,4095
36,Grid-1,0.772,2754.354,700,3970
37,Grid-1,0.767,2655.712,700,4095
38,Grid-1,0.768,2318.202,702,3208
39,Grid-1,0.739,2226.872,700,3253
40,Grid-1,0.78,2283.28,702,3701
41,Grid-1,0.77,2313.338,701,3239
42,Grid-1,0.778,2344.242,702,3950
43,Grid-1,0.741,2442.533,703,3313
44,Grid-1,0.743,2437.951,701,3340
45,Grid-1,0.772,2387.676,700,3355
46,Grid-1,0.777,2436.426,700,3394
47,Grid-1,0.751,2426.952,704,3328
48,Grid-1,0.742,2429.451,702,3274
49,Grid-1,0.743,2161.687,715,3719
50,Grid-1,0.739,2264.053,703,3181
51,Grid-1,0.715,2288.509,700,3695
52,Grid-1,0.744,2310.1,702,3149
53,Grid-1,0.744,2277.689,702,3216
54,Grid-1,0.748,2284.128,702,3199
55,Grid-1,0.726,2375.646,701,3435
56,Grid-1,0.752,2386.269,704,3511
57,Grid-1,0.746,2230.534,701,3178
58,Grid-1,0.751,2277.549,700,3235
59,Grid-1,0.719,2467.0,708,3636
60,Grid-1,0.749,2780.379,700,4095
61,Grid-1,0.751,2673.622,702,3889
62,Grid-1,0.747,2382.933,701,3421
63,Grid-1,0.732,2441.983,709,4095
64,Grid-1,0.752,2598.37,700,3538
65,Grid-1,0.751,2561.297,706,3580
66,Grid-1,0.756,2540.862,700,3668
67,Grid-1,0.727,2561.54,700,3636
68,Grid-1,0.724,2606.855,700,3537
69,Grid-1,0.755,2475.716,717,3383
70,Grid-1,0.744,2511.248,700,3796
71,Grid-1,0.732,2591.679,702,3782
72,Grid-1,0.732,2634.448,702,3687
73,Grid-1,0.771,2334.888,706,3386
74,Grid-1,0.767,2286.15,702,3149
75,Grid-1,0.747,2281.397,705,3184
76,Grid-1,0.771,2249.064,700,3428
77,Grid-1,0.772,2256.36,702,3024
78,Grid-1,0.775,2296.832,700,3431
79,Grid-1,0.749,2374.395,700,3637
80,Grid-1,0.785,2356.898,708,3355
81,Grid-1,0.776,2230.352,702,3170
82,Grid-1,0.774,2275.34,701,3155
83,Grid-1,0.745,2449.295,700,4095
84,Grid-1,0.776,2827.025,711,4095
85,Grid-1,0.774,2630.372,702,3692
86,Grid-1,0.777,2328.629,700,3699
87,Grid-1,0.75,2296.232,702,3539
88,Grid-1,0.777,2352.335,702,3178
89,Grid-1,0.775,2397.525,700,3410
90,Grid-1,0.78,2490.364,700,3404
91,Grid-1,0.752,2551.238,704,3519
92,Grid-1,0.749,2546.653,700,3802
93,Grid-1,0.779,2431.528,702,3665
94,Grid-1,0.787,2455.402,700,3974
95,Grid-1,0.76,2514.098,701,3437
96,Grid-1,0.754,2590.642,703,4095
97,Grid-1,0.77,2247.263,701,3185
98,Grid-1,0.769,2319.995,700,3457
99,Grid-1,0.75,2308.355,701,3302
100,Grid-1,0.773,2197.615,701,2964
101,Grid-1,0.767,2261.711,703,3163
102,Grid-1,0.78,2303.196,701,3302
103,Grid-1,0.75,2330.191,704,4095
104,Grid-1,0.781,2326.981,706,3081
105,Grid-1,0.78,2215.811,706,3722
106,Grid-1,0.777,2295.203,704,3378
107,Grid-1,0.749,2451.821,700,4095
108,Grid-1,0.775,2712.588,702,3669
109,Grid-1,0.78,2667.35,700,3853
110,Grid-1,0.779,2373.827,702,3175
111,Grid-1,0.75,2274.4,700,3164
112,Grid-1,0.787,2418.697,704,4095
113,Grid-1,0.78,2316.537,700,3699
114,Grid-1,0.784,2227.045,701,3242
115,Grid-1,0.747,2240.197,700,3761
116,Grid-1,0.751,2373.713,704,3470
117,Grid-1,0.78,2376.275,701,3254
118,Grid-1,0.778,2412.064,701,3247
119,Grid-1,0.763,2453.582,700,3377
120,Grid-1,0.758,2511.916,700,3645
121,Grid-1,0.744,2367.59,701,3464
122,Grid-1,0.74,2375.093,700,3807
123,Grid-1,0.719,2289.56,705,3150
124,Grid-1,0.742,2277.925,702,3087
125,Grid-1,0.753,2257.654,701,3308
126,Grid-1,0.746,2298.268,701,3185
127,Grid-1,0.725,2299.49,703,3170
128,Grid-1,0.751,2230.237,700,3060
129,Grid-1,0.751,2178.96,703,3089
130,Grid-1,0.748,2223.272,707,3475
131,Grid-1,0.711,2469.796,702,3775
132,Grid-1,0.739,2699.8,703,3656
133,Grid-1,0.753,2622.679,700,3866
134,Grid-1,0.746,2278.932,702,3099
135,Grid-1,0.719,2227.741,700,3090
136,Grid-1,0.748,2337.075,702,3614
137,Grid-1,0.75,2270.414,704,3067
138,Grid-1,0.72,2275.256,700,3592
139,Grid-1,0.749,2205.721,700,3141
140,Grid-1,0.726,2265.449,708,4095
141,Grid-1,0.751,2147.144,701,3220
142,Grid-1,0.752,2238.092,702,3205
143,Grid-1,0.728,2220.828,703,3153
144,Grid-1,0.734,2312.633,702,3365
145,Grid-1,0.731,2320.738,702,4095
146,Grid-1,0.725,2275.21,700,3187
147,Grid-1,0.706,2297.104,700,3163
148,Grid-1,0.72,2200.616,700,3024
149,Grid-1,0.732,2243.708,701,3160
150,Grid-1,0.734,2199.008,700,3688
151,Grid-1,0.703,2222.061,701,3128
152,Grid-1,0.737,2207.228,702,3148
153,Grid-1,0.729,2022.106,700,2967
154,Grid-1,0.734,2151.644,700,3051
155,Grid-1,0.703,2395.406,704,3555
156,Grid-1,0.724,2646.286,700,3870
157,Grid-1,0.727,2575.168,700,3509
158,Grid-1,0.728,2159.341,700,3038
159,Grid-1,0.702,2103.361,700,3982
160,Grid-1,0.727,1941.445,701,2866
161,Grid-1,0.723,2034.279,700,3156
162,Grid-1,0.706,2059.642,700,3146
163,Grid-1,0.733,1923.475,702,2694
164,Grid-1,0.709,1989.817,700,2829
165,Grid-1,0.739,2145.013,700,3148
166,Grid-1,0.74,2132.864,700,3316
167,Grid-1,0.718,2344.521,702,3262
168,Grid-1,0.713,2152.256,704,2973
169,Grid-1,0.762,2261.034,703,3335
170,Grid-1,0.755,2286.789,700,3325
171,Grid-1,0.729,2316.485,701,3701
172,Grid-1,0.759,2247.863,700,3062
173,Grid-1,0.759,2209.546,711,3100
174,Grid-1,0.753,2211.605,700,4095
175,Grid-1,0.729,2170.113,704,3191
176,Grid-1,0.758,2097.725,710,3004
177,Grid-1,0.752,1993.372,702,3097
178,Grid-1,0.754,2059.846,703,3619
179,Grid-1,0.724,2373.247,701,3692
180,Grid-1,0.756,2616.951,701,3978
181,Grid-1,0.751,2587.986,701,3689
182,Grid-1,0.754,2035.272,700,2916
183,Grid-1,0.723,1872.475,702,2698
184,Grid-1,0.75,1837.063,700,2612
185,Grid-1,0.756,1852.562,701,2618
186,Grid-1,0.758,1868.126,702,2632
187,Grid-1,0.729,1903.331,702,2608
188,Grid-1,0.734,1888.744,700,2598
189,Grid-1,0.758,1800.988,700,2565
190,Grid-1,0.762,1967.577,704,2867
191,Grid-1,0.739,2336.498,701,3592
192,Grid-1,0.737,2356.086,704,3325
193,Grid-1,0.784,2513.664,701,3778
194,Grid-1,0.778,2424.903,700,3273
195,Grid-1,0.763,2419.532,700,4095
196,Grid-1,0.783,2296.421,702,3485
197,Grid-1,0.776,2215.846,700,3197
198,Grid-1,0.779,2106.689,700,2901
199,Grid-1,0.749,1994.003,700,3061
200,Grid-1,0.78,1932.819,700,3732
201,Grid-1,0.78,1845.876,700,2742
202,Grid-1,0.781,2038.388,700,3116
203,Grid-1,0.751,2309.126,701,3556
204,Grid-1,0.777,2321.62,701,3245
205,Grid-1,0.773,2121.168,700,3818
206,Grid-1,0.775,1820.931,700,2739
207,Grid-1,0.744,1810.541,700,2920
208,Grid-1,0.785,1880.892,700,2939
209,Grid-1,0.784,1925.255,700,2886
210,Grid-1,0.781,1859.031,700,2606
211,Grid-1,0.751,1905.051,702,2781
212,Grid-1,0.752,1865.114,701,2615
213,Grid-1,0.781,1799.873,700,3051
214,Grid-1,0.782,1826.076,706,2647
215,Grid-1,0.764,2217.577,700,3093
216,Grid-1,0.764,2339.325,703,3308
217,Grid-1,0.776,2555.675,701,3528
218,Grid-1,0.773,2469.78,703,3578
219,Grid-1,0.744,2351.277,704,4095
220,Grid-1,0.771,2148.326,700,2930
221,Grid-1,0.772,2131.93,701,3139
222,Grid-1,0.77,2112.025,702,3039
223,Grid-1,0.74,2108.599,700,2975
224,Grid-1,0.774,2161.966,700,3240
225,Grid-1,0.778,2195.675,700,3053
226,Grid-1,0.772,2046.482,700,3534
227,Grid-1,0.737,2269.468,703,3208
228,Grid-1,0.771,2522.738,702,3658
229,Grid-1,0.763,2135.65,701,3308
230,Grid-1,0.764,1922.249,700,2666
231,Grid-1,0.743,1881.693,700,2754
232,Grid-1,0.772,1893.959,701,2594
233,Grid-1,0.774,1880.926,708,2676
234,Grid-1,0.771,1833.839,700,2628
235,Grid-1,0.742,1861.108,705,2618
236,Grid-1,0.746,1885.764,700,2793
237,Grid-1,0.771,1759.194,700,2829
238,Grid-1,0.774,1776.889,701,2760
239,Grid-1,0.741,1880.414,701,2654
240,Grid-1,0.754,2149.985,704,3467
241,Grid-1,0.731,2565.213,703,3736
242,Grid-1,0.724,2371.627,700,3352
243,Grid-1,0.701,2214.983,700,3439
244,Grid-1,0.727,2206.581,705,3206
245,Grid-1,0.722,2172.448,709,3359
246,Grid-1,0.726,2184.163,702,2926
247,Grid-1,0.697,2131.143,702,2910
248,Grid-1,0.73,2155.634,701,3113
249,Grid-1,0.739,2062.601,701,2961
250,Grid-1,0.704,2190.112,700,3123
251,Grid-1,0.739,2281.895,701,3145
252,Grid-1,0.726,2454.873,718,3607
253,Grid-1,0.726,2234.727,701,3092
254,Grid-1,0.727,1976.851,706,3068
255,Grid-1,0.704,2001.64,700,2865
256,Grid-1,0.727,2029.6,704,2840
257,Grid-1,0.729,1886.535,700,2644
258,Grid-1,0.729,1849.361,704,2688
259,Grid-1,0.707,1877.91,710,2686
260,Grid-1,0.701,1856.12,705,2620
261,Grid-1,0.723,1907.298,701,2739
262,Grid-1,0.731,1817.415,700,2474
263,Grid-1,0.7,1882.198,701,2590
264,Grid-1,0.708,1976.092,702,2959
265,Grid-1,0.77,2486.972,700,3474
266,Grid-1,0.768,2281.571,701,3907
267,Grid-1,0.739,2290.306,700,3772
268,Grid-1,0.766,2230.854,702,3085
269,Grid-1,0.764,2118.058,701,3001
270,Grid-1,0.769,2124.146,706,2915
271,Grid-1,0.738,2144.468,701,3052
272,Grid-1,0.768,2189.388,700,3384
273,Grid-1,0.771,2050.242,702,2977
274,Grid-1,0.778,2106.256,700,3047
275,Grid-1,0.74,2272.977,701,3414
276,Grid-1,0.771,2357.225,703,3713
277,Grid-1,0.768,2261.113,702,3553
278,Grid-1,0.762,2006.452,703,3154
279,Grid-1,0.736,2050.876,701,3168
280,Grid-1,0.765,2081.868,703,3069
281,Grid-1,0.766,1969.721,702,2866
282,Grid-1,0.769,1805.407,700,2572
283,Grid-1,0.741,1863.55,700,2666
284,Grid-1,0.742,1876.67,700,3478
285,Grid-1,0.766,1762.178,700,2626
286,Grid-1,0.763,1797.451,701,2710
287,Grid-1,0.734,1934.214,701,2916
288,Grid-1,0.742,1991.673,703,3170
289,Grid-1,0.771,2421.879,701,3416
290,Grid-1,0.767,2365.76,700,3519
291,Grid-1,0.744,2370.021,704,3102
292,Grid-1,0.769,2317.452,701,3575
293,Grid-1,0.772,2195.434,700,2978
294,Grid-1,0.769,2132.145,701,2908
295,Grid-1,0.741,2200.611,700,3326
296,Grid-1,0.761,2134.72,705,2891
297,Grid-1,0.766,2117.503,700,3410
298,Grid-1,0.773,1987.976,703,2864
299,Grid-1,0.742,2218.875,701,3325
300,Grid-1,0.768,2307.039,701,3351
301,Grid-1,0.764,2185.701,700,3341
302,Grid-1,0.765,2035.927,700,2743
303,Grid-1,0.744,2043.916,707,4095
304,Grid-1,0.769,2096.189,701,3005
305,Grid-1,0.765,1979.621,700,2895
306,Grid-1,0.77,1795.175,701,3055
307,Grid-1,0.738,1849.583,700,2620
308,Grid-1,0.734,1853.652,701,3062
309,Grid-1,0.764,1757.427,700,2714
310,Grid-1,0.768,1832.983,701,2809
311,Grid-1,0.733,1891.452,703,4095
312,Grid-1,0.746,2057.66,701,4095
313,Grid-1,0.772,2248.577,701,4095
314,Grid-1,0.774,2209.658,700,3213
315,Grid-1,0.741,2261.921,702,3139
316,Grid-1,0.771,2301.941,704,3140
317,Grid-1,0.773,2231.039,700,3151
318,Grid-1,0.774,2140.642,704,4095
319,Grid-1,0.745,2170.101,703,3393
320,Grid-1,0.774,2098.886,702,3252
321,Grid-1,0.771,2108.435,700,2967
322,Grid-1,0.782,2025.146,700,2863
323,Grid-1,0.744,2168.172,700,4094
324,Grid-1,0.775,2171.095,700,3091
325,Grid-1,0.772,2239.823,700,3232
326,Grid-1,0.772,1932.569,703,2710
327,Grid-1,0.745,1963.122,702,2644
328,Grid-1,0.763,2024.071,700,4095
329,Grid-1,0.775,2017.676,701,2923
330,Grid-1,0.774,1858.339,705,2842
331,Grid-1,0.749,1839.853,703,2714
332,Grid-1,0.743,1865.191,701,2697
333,Grid-1,0.778,1736.97,701,3255
334,Grid-1,0.775,1811.569,703,2687
335,Grid-1,0.743,1910.039,703,2741
336,Grid-1,0.752,2115.839,700,3040
337,Grid-1,0.739,2297.04,701,3088
338,Grid-1,0.743,2215.476,707,3049
339,Grid-1,0.716,2096.396,701,2874
340,Grid-1,0.75,2118.352,704,3001
341,Grid-1,0.741,2063.439,701,4095
342,Grid-1,0.755,2117.569,701,3556
343,Grid-1,0.725,2079.139,701,2966
344,Grid-1,0.752,2158.478,702,3090
345,Grid-1,0.744,1776.369,701,2594
346,Grid-1,0.749,1985.572,700,2862
347,Grid-1,0.72,1934.101,715,2991
348,Grid-1,0.739,2109.505,700,2894
349,Grid-1,0.747,2135.312,701,3219
350,Grid-1,0.747,1829.91,700,2528
351,Grid-1,0.724,1867.444,702,2819
352,Grid-1,0.746,1929.793,702,2731
353,Grid-1,0.745,1909.933,700,2950
354,Grid-1,0.754,1881.298,704,2716
355,Grid-1,0.725,1801.11,700,2445
356,Grid-1,0.726,1857.699,700,3183
357,Grid-1,0.752,1738.515,704,2477
358,Grid-1,0.747,1855.03,706,2758
359,Grid-1,0.719,1961.475,703,2898
360,Grid-1,0.726,2191.926,700,3188
361,Grid-1,0.74,2259.751,701,3071
362,Grid-1,0.745,2163.668,706,3021
363,Grid-1,0.711,2049.599,700,2844
364,Grid-1,0.737,1950.421,702,3025
365,Grid-1,0.742,1973.047,701,3242
366,Grid-1,0.748,1935.917,700,3105
367,Grid-1,0.716,2003.534,703,2795
368,Grid-1,0.743,2217.493,701,3048
369,Grid-1,0.744,1887.748,701,2867
370,Grid-1,0.745,1833.199,700,2658
371,Grid-1,0.724,1967.613,701,2777
372,Grid-1,0.745,2091.117,701,3292
373,Grid-1,0.742,2025.987,700,2864
374,Grid-1,0.743,1837.851,700,2604
375,Grid-1,0.716,1823.563,702,2529
376,Grid-1,0.741,1901.964,707,3041
377,Grid-1,0.745,1958.461,700,2873
378,Grid-1,0.755,1963.849,700,2802
379,Grid-1,0.719,1800.3,702,2723
380,Grid-1,0.72,1909.753,702,2836
381,Grid-1,0.741,1744.656,700,2588
382,Grid-1,0.745,1843.204,701,2636
383,Grid-1,0.722,2006.328,701,3772
384,Grid-1,0.721,2112.347,700,3202
385,Grid-1,0.769,2253.783,700,3083
386,Grid-1,0.77,2138.068,703,2918
387,Grid-1,0.738,2033.973,700,3183
388,Grid-1,0.764,1904.379,703,2660
389,Grid-1,0.769,1890.59,700,2588
390,Grid-1,0.764,1769.274,701,2754
391,Grid-1,0.771,1925.115,704,2891
392,Grid-1,0.731,1863.579,703,2593
393,Grid-1,0.766,1656.58,701,2521
394,Grid-1,0.769,1963.783,700,2942
395,Grid-1,0.748,2189.311,700,3476
396,Grid-1,0.773,2234.506,702,3323
397,Grid-1,0.769,2154.909,700,3165
398,Grid-1,0.768,1829.519,703,2548
399,Grid-1,0.74,1805.714,703,2771
400,Grid-1,0.767,1833.084,711,2527
401,Grid-1,0.767,1919.168,702,2819
402,Grid-1,0.77,1761.1,700,2512
403,Grid-1,0.745,1768.622,700,2682
404,Grid-1,0.745,1845.52,700,2665
405,Grid-1,0.77,1736.321,705,2509
406,Grid-1,0.773,1784.863,700,2475
407,Grid-1,0.745,1897.618,701,2670
408,Grid-1,0.742,1981.842,702,2915
409,Grid-1,0.789,2307.998,702,3198
410,Grid-1,0.783,2210.043,700,2938
411,Grid-1,0.752,2147.232,702,2862
412,Grid-1,0.782,2050.463,702,3087
413,Grid-1,0.785,2005.896,702,2839
414,Grid-1,0.791,2017.407,702,2689
415,Grid-1,0.755,2011.236,700,2856
416,Grid-1,0.787,1846.089,700,3348
417,Grid-1,0.783,1692.437,704,3306
418,Grid-1,0.785,1836.887,703,2712
419,Grid-1,0.764,2089.235,705,3269
420,Grid-1,0.787,2265.837,701,3371
421,Grid-1,0.783,2001.227,704,3096
422,Grid-1,0.779,1773.754,706,2650
423,Grid-1,0.751,1665.99,700,2555
424,Grid-1,0.781,1723.273,700,2407
425,Grid-1,0.789,1755.636,704,3162
426,Grid-1,0.789,1711.393,700,2474
427,Grid-1,0.755,1801.401,708,2719
428,Grid-1,0.761,1906.838,702,3980
429,Grid-1,0.786,1731.702,705,2600
430,Grid-1,0.791,1861.322,702,2604
431,Grid-1,0.763,1898.069,700,3189
432,Grid-1,0.759,1963.621,701,2808
433,Grid-1,0.713,2366.834,705,3216
434,Grid-1,0.713,2284.543,704,3348
435,Grid-1,0.686,2178.408,701,3070
436,Grid-1,0.712,2017.109,701,2759
437,Grid-1,0.712,2106.966,707,3527
438,Grid-1,0.71,2111.233,701,3233
439,Grid-1,0.683,2064.341,700,2924
440,Grid-1,0.715,2010.525,700,4025
441,Grid-1,0.716,1973.218,700,4095
442,Grid-1,0.713,1989.892,703,2850
443,Grid-1,0.688,2038.607,702,2845
444,Grid-1,0.712,2317.729,706,3816
445,Grid-1,0.709,1926.001,703,2831
446,Grid-1,0.709,1730.09,702,2447
447,Grid-1,0.689,1719.804,702,2496
448,Grid-1,0.71,1734.235,704,2516
449,Grid-1,0.709,1766.834,701,2708
450,Grid-1,0.717,1759.759,707,2536
451,Grid-1,0.686,1793.134,702,2541
452,Grid-1,0.715,1756.447,702,2688
453,Grid-1,0.69,1858.031,702,2703
454,Grid-1,0.717,1758.973,700,2877
455,Grid-1,0.693,1878.214,706,2788
456,Grid-1,0.689,1926.746,700,2916
457,Grid-1,0.751,2388.162,702,3279
458,Grid-1,0.755,2381.661,700,3190
459,Grid-1,0.729,2285.678,700,3153
460,Grid-1,0.75,2233.353,700,2979
461,Grid-1,0.758,2218.627,706,3046
462,Grid-1,0.755,2235.433,703,4095
463,Grid-1,0.728,2167.4,700,2992
464,Grid-1,0.757,2099.49,700,3037
465,Grid-1,0.757,1812.483,702,4095
466,Grid-1,0.753,1999.979,700,2765
467,Grid-1,0.721,2159.303,701,2967
468,Grid-1,0.76,2288.941,704,3242
469,Grid-1,0.752,2276.953,701,3227
470,Grid-1,0.747,1775.364,700,2462
471,Grid-1,0.722,1741.604,700,2392
472,Grid-1,0.745,1804.742,700,2772
473,Grid-1,0.751,1811.6,706,2386
474,Grid-1,0.754,1816.598,702,2545
475,Grid-1,0.727,1836.667,702,2645
476,Grid-1,0.723,1904.708,700,2785
477,Grid-1,0.747,1742.076,700,2368
478,Grid-1,0.749,1810.809,702,2578
479,Grid-1,0.728,1891.013,700,2701
480,Grid-1,0.723,2088.544,700,2930
481,Grid-1,0.78,2304.212,700,4095
482,Grid-1,0.772,2309.204,700,3365
483,Grid-1,0.742,2311.221,700,3631
484,Grid-1,0.77,2248.235,703,3126
485,Grid-1,0.774,2230.58,701,3188
486,Grid-1,0.777,2248.905,707,3196
487,Grid-1,0.778,2181.933,703,3529
488,Grid-1,0.747,2229.074,701,3095
489,Grid-1,0.782,2080.907,702,3234
490,Grid-1,0.777,2109.667,700,3358
491,Grid-1,0.748,2272.516,701,3176
492,Grid-1,0.774,2405.504,704,3929
493,Grid-1,0.771,2208.372,702,3230
494,Grid-1,0.77,1968.027,707,3318
495,Grid-1,0.749,1807.255,701,4095
496,Grid-1,0.774,1773.966,701,2519
497,Grid-1,0.775,1777.885,701,2626
498,Grid-1,0.778,1825.013,701,2663
499,Grid-1,0.747,1839.91,702,2613
500,Grid-1,0.752,1807.508,700,3154
501,Grid-1,0.779,1699.885,700,2902
502,Grid-1,0.776,1772.069,702,2761
503,Grid-1,0.745,1899.642,705,3087
504,Grid-1,0.746,2153.162,700,3451
505,Grid-1,0.767,2262.164,701,3110
506,Grid-1,0.766,2245.69,700,3042
507,Grid-1,0.744,2256.796,703,4066
508,Grid-1,0.768,2206.68,707,3322
509,Grid-1,0.767,2141.939,700,2928
510,Grid-1,0.759,2179.692,700,3142
511,Grid-1,0.743,2167.642,704,3128
512,Grid-1,0.773,2149.395,701,3426
513,Grid-1,0.774,2072.767,708,3162
514,Grid-1,0.776,2081.755,701,2833
515,Grid-1,0.742,2291.272,712,3126
516,Grid-1,0.774,2482.303,700,3588
517,Grid-1,0.764,2272.551,708,3296
518,Grid-1,0.769,1981.567,703,2832
519,Grid-1,0.742,1874.422,700,4095
520,Grid-1,0.772,1817.533,703,3612
521,Grid-1,0.769,1757.456,700,2656
522,Grid-1,0.775,1758.911,700,2575
523,Grid-1,0.747,1863.287,701,2784
524,Grid-1,0.742,1798.125,700,2685
525,Grid-1,0.769,1617.071,701,2302
526,Grid-1,0.773,1752.954,701,2856
527,Grid-1,0.747,1928.099,702,2776
528,Grid-1,0.742,2150.467,700,4095
529,Grid-1,0.761,2194.985,700,4095
530,Grid-1,0.763,2189.286,700,3042
531,Grid-1,0.743,2190.563,701,3085
532,Grid-1,0.76,2114.934,702,3168
533,Grid-1,0.761,2102.967,701,3722
534,Grid-1,0.762,2075.033,705,3004
535,Grid-1,0.734,2064.997,700,2912
536,Grid-1,0.769,2106.453,707,3117
537,Grid-1,0.761,2039.765,701,2789
538,Grid-1,0.769,2092.597,700,3163
539,Grid-1,0.734,2304.372,700,3299
540,Grid-1,0.762,2470.798,701,3572
541,Grid-1,0.762,2054.533,702,3047
542,Grid-1,0.761,1762.639,701,2646
543,Grid-1,0.737,1679.231,700,2401
544,Grid-1,0.767,1768.76,702,2646
545,Grid-1,0.759,1780.884,701,2962
546,Grid-1,0.763,1784.243,700,2622
547,Grid-1,0.739,1878.529,702,2733
548,Grid-1,0.739,1794.96,700,2684
549,Grid-1,0.768,1744.63,702,2640
550,Grid-1,0.769,1842.341,700,3431
551,Grid-1,0.751,2126.628,701,2973
552,Grid-1,0.746,2145.737,700,2892
553,Grid-1,0.731,2113.087,700,2902
554,Grid-1,0.729,2066.681,700,2823
555,Grid-1,0.703,2053.124,706,2768
556,Grid-1,0.732,2001.915,700,2974
557,Grid-1,0.733,1967.398,700,2758
558,Grid-1,0.733,1997.453,707,2777
559,Grid-1,0.707,1987.087,700,2714
560,Grid-1,0.744,2043.073,702,3180
561,Grid-1,0.741,1946.768,700,2703
562,Grid-1,0.743,1973.017,701,2758
563,Grid-1,0.707,2132.432,700,3102
564,Grid-1,0.739,2357.21,703,3513
565,Grid-1,0.738,2198.807,701,3185
566,Grid-1,0.729,1854.893,701,2707
567,Grid-1,0.713,1863.56,700,2838
568,Grid-1,0.734,1951.889,701,2729
569,Grid-1,0.736,1954.735,704,3051
570,Grid-1,0.741,1958.745,700,3384
571,Grid-1,0.706,1988.739,701,2750
572,Grid-1,0.707,2048.528,701,3063
573,Grid-1,0.742,1900.476,702,2706
574,Grid-1,0.74,1915.214,703,4095
575,Grid-1,0.716,1993.692,701,2927
576,Grid-1,0.71,2059.975,700,2900
1,Grid-2,0.763,2523.073,1056,3526
2,Grid-2,0.722,2211.812,1046,3189
3,Grid-2,0.726,2282.477,1045,3470
4,Grid-2,0.752,2143.536,1044,2837
5,Grid-2,0.754,2254.986,1045,2842
6,Grid-2,0.729,2272.72,1046,3029
7,Grid-2,0.73,2319.701,1049,3132
8,Grid-2,0.759,2278.613,1044,3022
9,Grid-2,0.754,2416.899,1051,3382
10,Grid-2,0.755,2310.869,1045,3072
11,Grid-2,0.725,2557.737,1049,3224
12,Grid-2,0.745,2551.122,1055,3430
13,Grid-2,0.755,2685.554,1044,3611
14,Grid-2,0.755,2421.108,1045,3021
15,Grid-2,0.743,2047.749,1046,2761
16,Grid-2,0.724,2056.986,1044,2803
17,Grid-2,0.744,2147.829,1047,2853
18,Grid-2,0.749,2234.263,1044,2825
19,Grid-2,0.72,2193.423,1044,2911
20,Grid-2,0.743,2126.204,1053,3001
21,Grid-2,0.75,2189.783,1047,2927
22,Grid-2,0.749,2172.939,1047,2951
23,Grid-2,0.717,2211.557,1048,2984
24,Grid-2,0.752,2276.881,1046,2960
25,Grid-2,0.762,2724.607,1045,3594
26,Grid-2,0.723,2317.275,1050,3731
27,Grid-2,0.729,2344.764,1048,3643
28,Grid-2,0.755,2192.769,1045,2927
29,Grid-2,0.764,2366.777,1044,3284
30,Grid-2,0.731,2346.737,1046,3440
31,Grid-2,0.735,2356.018,1044,3123
32,Grid-2,0.763,2383.998,1044,3180
33,Grid-2,0.761,2469.069,1055,3138
34,Grid-2,0.761,2387.618,1045,3275
35,Grid-2,0.736,2527.473,1044,3659
36,Grid-2,0.755,2570.785,1049,3520
37,Grid-2,0.761,2730.437,1044,3541
38,Grid-2,0.763,2531.41,1045,3125
39,Grid-2,0.734,2155.414,1045,2866
40,Grid-2,0.757,2126.772,1044,2897
41,Grid-2,0.767,2219.578,1044,3018
42,Grid-2,0.756,2323.3,1048,3051
43,Grid-2,0.73,2294.949,1046,3075
44,Grid-2,0.757,2167.466,1044,3026
45,Grid-2,0.757,2269.884,1044,3104
46,Grid-2,0.759,2277.937,1045,2974
47,Grid-2,0.732,2295.95,1045,2955
48,Grid-2,0.76,2367.503,1048,3132
49,Grid-2,0.742,2919.199,1052,3845
50,Grid-2,0.71,2524.01,1044,3390
51,Grid-2,0.716,2468.046,1046,3346
52,Grid-2,0.733,2306.907,1045,3072
53,Grid-2,0.716,2505.056,1044,3291
54,Grid-2,0.742,2522.953,1045,3303
55,Grid-2,0.71,2447.544,1047,3263
56,Grid-2,0.736,2415.956,1047,3263
57,Grid-2,0.743,2550.248,1047,3257
58,Grid-2,0.745,2402.97,1046,3158
59,Grid-2,0.714,2733.406,1045,3546
60,Grid-2,0.728,2683.24,1044,3564
61,Grid-2,0.732,2856.306,1046,3730
62,Grid-2,0.738,2677.873,1045,3386
63,Grid-2,0.706,2259.109,1051,2919
64,Grid-2,0.729,2149.215,1044,2841
65,Grid-2,0.729,2265.387,1044,2929
66,Grid-2,0.732,2376.584,1047,3001
67,Grid-2,0.709,2385.944,1044,3186
68,Grid-2,0.73,2345.326,1048,3167
69,Grid-2,0.728,2416.306,1048,3195
70,Grid-2,0.734,2449.454,1045,3116
71,Grid-2,0.708,2511.111,1044,3275
72,Grid-2,0.735,2580.686,1044,3893
73,Grid-2,0.761,2830.944,1044,4095
74,Grid-2,0.729,2488.941,1044,3605
75,Grid-2,0.737,2367.938,1045,3427
76,Grid-2,0.757,2240.024,1045,3166
77,Grid-2,0.764,2361.318,1049,3650
78,Grid-2,0.733,2310.141,1045,3388
79,Grid-2,0.732,2236.294,1045,3331
80,Grid-2,0.759,2204.943,1048,3195
81,Grid-2,0.761,2296.496,1044,3104
82,Grid-2,0.765,2163.183,1044,3280
83,Grid-2,0.735,2244.074,1045,3049
84,Grid-2,0.748,2197.692,1044,3291
85,Grid-2,0.76,2290.059,1045,3102
86,Grid-2,0.756,2034.682,1045,2970
87,Grid-2,0.714,1800.426,1045,2749
88,Grid-2,0.745,1717.707,1044,2545
89,Grid-2,0.746,1792.762,1044,2929
90,Grid-2,0.756,1951.34,1046,2678
91,Grid-2,0.728,2110.502,1044,2997
92,Grid-2,0.754,2088.374,1044,2851
93,Grid-2,0.754,2192.367,1044,3531
94,Grid-2,0.76,2212.924,1045,3380
95,Grid-2,0.724,2226.44,1054,3106
96,Grid-2,0.752,2323.053,1054,3479
97,Grid-2,0.763,2579.036,1045,4053
98,Grid-2,0.737,2295.194,1044,3058
99,Grid-2,0.733,2278.916,1044,3076
100,Grid-2,0.755,2115.86,1047,3019
101,Grid-2,0.755,2191.101,1044,2880
102,Grid-2,0.734,2153.834,1047,3508
103,Grid-2,0.722,1987.869,1045,3339
104,Grid-2,0.755,2005.993,1049,2720
105,Grid-2,0.76,2045.272,1044,2694
106,Grid-2,0.755,1902.504,1044,2565
107,Grid-2,0.736,2224.069,1047,2898
108,Grid-2,0.741,1989.246,1047,2959
109,Grid-2,0.745,2051.025,1046,2879
110,Grid-2,0.745,1876.183,1047,2409
111,Grid-2,0.711,1664.14,1045,2638
112,Grid-2,0.746,1644.38,1044,2427
113,Grid-2,0.741,1748.036,1047,2414
114,Grid-2,0.753,2213.672,1046,3232
115,Grid-2,0.72,1703.251,1044,2285
116,Grid-2,0.75,1709.269,1044,2400
117,Grid-2,0.745,1823.164,1051,2589
118,Grid-2,0.751,1870.18,1044,2618
119,Grid-2,0.725,2069.319,1045,2708
120,Grid-2,0.755,2178.69,1048,2801
121,Grid-2,0.733,2553.093,1049,4095
122,Grid-2,0.703,2268.598,1044,3031
123,Grid-2,0.704,2257.253,1051,3292
124,Grid-2,0.725,2086.956,1047,2847
125,Grid-2,0.73,2123.428,1052,2889
126,Grid-2,0.701,2097.171,1044,2771
127,Grid-2,0.706,1987.326,1045,2633
128,Grid-2,0.73,1838.668,1045,2485
129,Grid-2,0.725,1887.332,1048,2570
130,Grid-2,0.728,1741.893,1044,2438
131,Grid-2,0.702,2121.78,1044,3189
132,Grid-2,0.711,1950.294,1044,2640
133,Grid-2,0.716,2074.644,1044,2637
134,Grid-2,0.719,1908.575,1044,2614
135,Grid-2,0.694,1638.22,1045,2280
136,Grid-2,0.722,1617.569,1046,2167
137,Grid-2,0.721,1717.281,1048,2409
138,Grid-2,0.717,1714.026,1047,2358
139,Grid-2,0.69,1698.155,1044,2703
140,Grid-2,0.721,1673.51,1044,2437
141,Grid-2,0.716,1733.932,1046,2265
142,Grid-2,0.72,1776.18,1044,2449
143,Grid-2,0.691,1876.499,1044,2581
144,Grid-2,0.729,2178.181,1049,3150
145,Grid-2,0.726,2559.8,1044,3609
146,Grid-2,0.698,2290.801,1048,3771
147,Grid-2,0.695,2238.77,1044,3569
148,Grid-2,0.724,2036.614,1048,2696
149,Grid-2,0.72,2090.018,1044,2843
150,Grid-2,0.697,2012.247,1046,2773
151,Grid-2,0.687,1780.356,1044,2518
152,Grid-2,0.707,1767.862,1044,2908
153,Grid-2,0.718,1802.691,1046,2394
154,Grid-2,0.716,1736.906,1056,2488
155,Grid-2,0.692,1961.518,1044,2485
156,Grid-2,0.711,1958.495,1044,2938
157,Grid-2,0.703,2074.385,1047,2696
158,Grid-2,0.723,1984.969,1045,2815
159,Grid-2,0.69,1882.758,1046,2707
160,Grid-2,0.713,1683.484,1044,2636
161,Grid-2,0.715,1784.799,1050,2799
162,Grid-2,0.706,1750.352,1048,2343
163,Grid-2,0.681,1704.152,1055,2598
164,Grid-2,0.714,1638.544,1044,2168
165,Grid-2,0.721,1746.437,1047,2338
166,Grid-2,0.712,1858.408,1044,2641
167,Grid-2,0.689,1817.315,1044,2402
168,Grid-2,0.713,1888.367,1044,2484
169,Grid-2,0.749,2523.852,1048,3458
170,Grid-2,0.723,2243.681,1055,2855
171,Grid-2,0.721,2175.6,1046,2779
172,Grid-2,0.743,2005.598,1044,2695
173,Grid-2,0.748,1992.588,1048,2656
174,Grid-2,0.718,1844.901,1045,2526
175,Grid-2,0.712,1781.963,1044,2474
176,Grid-2,0.738,1743.812,1045,2374
177,Grid-2,0.735,1832.567,1046,2393
178,Grid-2,0.74,1808.56,1044,2600
179,Grid-2,0.711,1963.406,1046,2482
180,Grid-2,0.736,1947.543,1044,2712
181,Grid-2,0.739,2239.599,1044,3139
182,Grid-2,0.709,1619.775,1054,2992
183,Grid-2,0.746,2102.954,1045,2919
184,Grid-2,0.725,1497.896,1044,2050
185,Grid-2,0.732,1633.583,1045,2201
186,Grid-2,0.739,1723.725,1045,2229
187,Grid-2,0.706,1714.78,1047,2468
188,Grid-2,0.735,1758.683,1047,2447
189,Grid-2,0.738,1834.302,1045,2432
190,Grid-2,0.737,1937.608,1046,2583
191,Grid-2,0.737,1889.987,1046,2498
192,Grid-2,0.708,1807.25,1045,2339
193,Grid-2,0.778,2510.754,1049,3928
194,Grid-2,0.743,2202.728,1053,2963
195,Grid-2,0.742,2154.195,1044,2889
196,Grid-2,0.77,1970.459,1044,2714
197,Grid-2,0.769,1909.182,1045,2581
198,Grid-2,0.739,1767.684,1044,2499
199,Grid-2,0.736,1825.716,1046,2509
200,Grid-2,0.761,1774.311,1048,2449
201,Grid-2,0.761,1886.358,1046,2723
202,Grid-2,0.765,1818.984,1050,2386
203,Grid-2,0.738,2024.671,1047,2727
204,Grid-2,0.765,2036.6,1046,2717
205,Grid-2,0.761,2129.403,1045,2862
206,Grid-2,0.76,1912.417,1044,3082
207,Grid-2,0.73,1594.06,1044,2202
208,Grid-2,0.751,1454.938,1045,2385
209,Grid-2,0.758,1660.959,1044,2338
210,Grid-2,0.759,1680.097,1045,2208
211,Grid-2,0.733,1725.543,1045,2357
212,Grid-2,0.756,1668.01,1046,2189
213,Grid-2,0.757,1772.611,1045,2459
214,Grid-2,0.762,1796.826,1044,2312
215,Grid-2,0.726,1788.288,1044,2332
216,Grid-2,0.762,1948.588,1048,2764
217,Grid-2,0.771,2540.319,1044,3587
218,Grid-2,0.729,1949.782,1044,2673
219,Grid-2,0.739,2076.774,1047,2931
220,Grid-2,0.756,1964.613,1047,2619
221,Grid-2,0.773,2104.318,1045,2884
222,Grid-2,0.731,1841.224,1047,2622
223,Grid-2,0.728,1790.879,1045,2566
224,Grid-2,0.754,1769.472,1048,2530
225,Grid-2,0.757,1874.481,1045,2624
226,Grid-2,0.765,1853.281,1047,2618
227,Grid-2,0.733,1974.873,1044,2620
228,Grid-2,0.755,1995.72,1045,2602
229,Grid-2,0.755,2165.413,1047,2987
230,Grid-2,0.753,1843.143,1044,2385
231,Grid-2,0.722,1580.535,1044,2077
232,Grid-2,0.744,1417.53,1044,1987
233,Grid-2,0.751,1640.59,1046,2213
234,Grid-2,0.751,1668.619,1045,2235
235,Grid-2,0.73,1709.885,1046,2318
236,Grid-2,0.755,1645.421,1046,2282
237,Grid-2,0.752,1717.579,1047,2552
238,Grid-2,0.755,1737.186,1047,2427
239,Grid-2,0.729,1792.084,1044,2377
240,Grid-2,0.757,2027.024,1044,2831
241,Grid-2,0.715,2319.876,1050,3253
242,Grid-2,0.69,2130.135,1044,3554
243,Grid-2,0.689,1990.982,1044,2697
244,Grid-2,0.714,1860.208,1044,2684
245,Grid-2,0.691,1914.784,1044,2529
246,Grid-2,0.718,1946.529,1054,2519
247,Grid-2,0.688,1786.234,1045,2584
248,Grid-2,0.713,1801.898,1044,3017
249,Grid-2,0.715,1839.501,1048,2512
250,Grid-2,0.713,1784.552,1044,2441
251,Grid-2,0.684,1994.93,1045,2564
252,Grid-2,0.704,1998.631,1044,2822
253,Grid-2,0.72,2155.255,1044,2881
254,Grid-2,0.706,1836.375,1049,2597
255,Grid-2,0.676,1599.555,1044,2173
256,Grid-2,0.694,1450.699,1046,2001
257,Grid-2,0.707,1678.522,1046,2287
258,Grid-2,0.704,1688.177,1046,2264
259,Grid-2,0.684,1709.807,1044,2330
260,Grid-2,0.697,1651.858,1046,2199
261,Grid-2,0.712,1740.789,1045,2339
262,Grid-2,0.711,1768.215,1045,2254
263,Grid-2,0.683,1780.735,1046,2404
264,Grid-2,0.712,2028.187,1044,2621
265,Grid-2,0.762,2256.074,1044,3161
266,Grid-2,0.734,2172.825,1048,3030
267,Grid-2,0.73,2008.356,1044,2635
268,Grid-2,0.756,1878.481,1044,2440
269,Grid-2,0.762,2098.865,1045,2880
270,Grid-2,0.732,2167.186,1044,3495
271,Grid-2,0.717,1939.744,1045,2701
272,Grid-2,0.746,1654.434,1044,2281
273,Grid-2,0.754,1799.534,1046,2319
274,Grid-2,0.757,1828.742,1051,2533
275,Grid-2,0.73,2024.594,1044,2686
276,Grid-2,0.745,1950.968,1044,2813
277,Grid-2,0.755,2282.562,1045,3182
278,Grid-2,0.747,1897.868,1046,2403
279,Grid-2,0.715,1660.66,1046,2257
280,Grid-2,0.74,1519.276,1045,2076
281,Grid-2,0.749,1678.677,1045,2314
282,Grid-2,0.741,1660.246,1044,2367
283,Grid-2,0.721,1722.762,1044,2623
284,Grid-2,0.743,1684.848,1045,2236
285,Grid-2,0.744,1784.68,1044,2333
286,Grid-2,0.748,1802.51,1044,2477
287,Grid-2,0.724,1837.083,1047,2550
288,Grid-2,0.756,2095.187,1046,3405
289,Grid-2,0.768,2438.255,1045,3332
290,Grid-2,0.735,2122.922,1044,3071
291,Grid-2,0.737,2063.818,1045,2698
292,Grid-2,0.759,1892.732,1044,2531
293,Grid-2,0.758,2123.908,1045,2847
294,Grid-2,0.735,2142.869,1045,2803
295,Grid-2,0.736,2127.037,1045,2956
296,Grid-2,0.746,1838.353,1044,2516
297,Grid-2,0.758,1783.599,1044,2386
298,Grid-2,0.756,1772.197,1049,2399
299,Grid-2,0.727,2035.867,1046,2953
300,Grid-2,0.751,2007.995,1044,3161
301,Grid-2,0.758,2209.679,1045,3415
302,Grid-2,0.758,1907.674,1044,2746
303,Grid-2,0.724,1642.284,1047,2313
304,Grid-2,0.748,1555.018,1045,2429
305,Grid-2,0.75,1684.212,1046,2418
306,Grid-2,0.745,1682.534,1045,2181
307,Grid-2,0.728,1724.626,1053,2347
308,Grid-2,0.744,1651.362,1045,2187
309,Grid-2,0.746,1764.323,1046,2587
310,Grid-2,0.751,1766.619,1049,2535
311,Grid-2,0.725,1830.926,1051,2386
312,Grid-2,0.754,1879.141,1045,2705
313,Grid-2,0.768,2472.971,1050,3300
314,Grid-2,0.728,2134.096,1045,2787
315,Grid-2,0.731,1974.473,1046,2572
316,Grid-2,0.756,1846.905,1045,2396
317,Grid-2,0.763,2015.283,1045,2615
318,Grid-2,0.734,2122.153,1045,3212
319,Grid-2,0.734,2126.1,1044,3088
320,Grid-2,0.762,1944.368,1048,2813
321,Grid-2,0.76,1919.099,1046,2594
322,Grid-2,0.759,1790.025,1044,2532
323,Grid-2,0.732,2166.781,1046,2876
324,Grid-2,0.754,1997.691,1046,2833
325,Grid-2,0.758,2157.107,1046,3118
326,Grid-2,0.758,2117.502,1045,3483
327,Grid-2,0.726,1585.294,1047,2135
328,Grid-2,0.741,1552.894,1044,2309
329,Grid-2,0.748,1687.127,1045,2316
330,Grid-2,0.74,1816.196,1045,3925
331,Grid-2,0.725,1913.87,1046,2955
332,Grid-2,0.744,1677.718,1044,2198
333,Grid-2,0.746,1735.347,1047,2497
334,Grid-2,0.746,1761.099,1045,2400
335,Grid-2,0.724,1778.246,1046,2337
336,Grid-2,0.76,2002.629,1044,2712
337,Grid-2,0.742,2496.944,1046,3474
338,Grid-2,0.708,2239.767,1044,2981
339,Grid-2,0.712,2075.893,1044,3042
340,Grid-2,0.728,1808.831,1047,2498
341,Grid-2,0.739,2010.101,1044,2662
342,Grid-2,0.714,2078.586,1046,2743
343,Grid-2,0.709,2115.038,1044,2924
344,Grid-2,0.738,1891.346,1044,2728
345,Grid-2,0.742,1977.873,1045,3013
346,Grid-2,0.74,1774.864,1044,2393
347,Grid-2,0.71,1976.47,1045,2659
348,Grid-2,0.73,2064.663,1044,2881
349,Grid-2,0.737,2225.793,1045,3041
350,Grid-2,0.738,2058.418,1044,4074
351,Grid-2,0.697,1760.853,1044,2555
352,Grid-2,0.717,1565.429,1044,2074
353,Grid-2,0.723,1687.64,1047,2476
354,Grid-2,0.723,1781.467,1044,2606
355,Grid-2,0.703,1768.535,1044,2907
356,Grid-2,0.711,1640.717,1048,2173
357,Grid-2,0.721,1731.122,1046,2288
358,Grid-2,0.72,1751.675,1044,2291
359,Grid-2,0.695,1762.647,1045,2336
360,Grid-2,0.725,1882.295,1044,2560
361,Grid-2,0.73,2476.767,1049,3807
362,Grid-2,0.714,2238.481,1044,3336
363,Grid-2,0.707,2115.895,1044,3072
364,Grid-2,0.728,1722.782,1044,2640
365,Grid-2,0.727,1827.811,1046,2344
366,Grid-2,0.701,1913.28,1045,2508
367,Grid-2,0.704,1955.551,1048,2614
368,Grid-2,0.731,1874.553,1045,2601
369,Grid-2,0.73,1946.512,1048,2578
370,Grid-2,0.733,1873.436,1045,2908
371,Grid-2,0.704,1957.826,1046,2656
372,Grid-2,0.723,1904.64,1051,2905
373,Grid-2,0.734,2254.375,1047,3674
374,Grid-2,0.738,1944.468,1044,2825
375,Grid-2,0.702,1870.175,1044,3323
376,Grid-2,0.722,1774.593,1045,2763
377,Grid-2,0.717,1906.535,1044,2698
378,Grid-2,0.716,1888.15,1044,2801
379,Grid-2,0.697,1802.886,1044,3973
380,Grid-2,0.707,1655.998,1047,2234
381,Grid-2,0.709,1760.099,1044,2373
382,Grid-2,0.711,1726.953,1044,2719
383,Grid-2,0.695,1774.121,1048,2403
384,Grid-2,0.725,1957.673,1044,2614
385,Grid-2,0.758,2504.424,1048,3293
386,Grid-2,0.729,2261.297,1046,3018
387,Grid-2,0.729,2175.712,1051,2850
388,Grid-2,0.751,1773.333,1044,2445
389,Grid-2,0.742,1721.15,1045,4095
390,Grid-2,0.72,1773.685,1044,2362
391,Grid-2,0.723,1782.802,1055,2455
392,Grid-2,0.756,1844.68,1045,2806
393,Grid-2,0.756,1951.669,1048,2519
394,Grid-2,0.751,1930.954,1048,2618
395,Grid-2,0.724,1978.67,1048,2601
396,Grid-2,0.746,1944.622,1048,2732
397,Grid-2,0.747,2085.36,1049,2744
398,Grid-2,0.755,1972.806,1048,3334
399,Grid-2,0.717,1777.288,1045,2742
400,Grid-2,0.744,1640.548,1044,2320
401,Grid-2,0.733,1681.74,1047,2249
402,Grid-2,0.746,1939.424,1044,2659
403,Grid-2,0.724,1885.813,1045,3910
404,Grid-2,0.735,1639.178,1044,2225
405,Grid-2,0.735,1731.177,1045,2278
406,Grid-2,0.732,1732.734,1044,2301
407,Grid-2,0.714,1805.059,1044,2609
408,Grid-2,0.748,1877.601,1044,2466
409,Grid-2,0.78,2498.639,1044,3832
410,Grid-2,0.746,2187.218,1049,3072
411,Grid-2,0.745,2142.139,1046,3191
412,Grid-2,0.764,1765.826,1044,2449
413,Grid-2,0.767,1694.209,1045,2320
414,Grid-2,0.742,1738.553,1047,2355
415,Grid-2,0.745,1885.4,1044,3366
416,Grid-2,0.773,1836.469,1045,2454
417,Grid-2,0.78,1887.462,1044,2660
418,Grid-2,0.768,1898.268,1044,2847
419,Grid-2,0.748,2106.298,1044,2776
420,Grid-2,0.766,2044.022,1047,2889
421,Grid-2,0.767,2030.717,1046,2544
422,Grid-2,0.765,1883.315,1044,3177
423,Grid-2,0.733,1614.433,1046,2131
424,Grid-2,0.758,1624.549,1044,2189
425,Grid-2,0.76,1772.652,1045,2461
426,Grid-2,0.762,1664.769,1045,2693
427,Grid-2,0.732,1673.618,1044,2255
428,Grid-2,0.757,1647.437,1045,2266
429,Grid-2,0.759,1740.847,1044,2272
430,Grid-2,0.762,1755.78,1046,2444
431,Grid-2,0.737,1807.414,1047,2493
432,Grid-2,0.766,2017.494,1046,3129
433,Grid-2,0.705,2426.365,1046,3225
434,Grid-2,0.675,2057.763,1053,2826
435,Grid-2,0.672,1922.949,1048,2615
436,Grid-2,0.689,1586.613,1047,2169
437,Grid-2,0.694,1769.003,1047,2591
438,Grid-2,0.675,1871.798,1047,2443
439,Grid-2,0.674,1823.246,1044,2439
440,Grid-2,0.7,1867.349,1044,2460
441,Grid-2,0.696,1822.111,1047,2525
442,Grid-2,0.689,1803.319,1046,2625
443,Grid-2,0.671,2112.775,1047,2711
444,Grid-2,0.692,1891.326,1049,2614
445,Grid-2,0.693,2010.711,1044,2565
446,Grid-2,0.687,1758.547,1044,2239
447,Grid-2,0.655,1583.0,1045,2060
448,Grid-2,0.683,1597.438,1044,2179
449,Grid-2,0.685,1722.523,1046,2249
450,Grid-2,0.683,1680.691,1045,2254
451,Grid-2,0.658,1692.357,1044,2334
452,Grid-2,0.695,1728.222,1044,2368
453,Grid-2,0.693,1730.8,1044,2414
454,Grid-2,0.691,1768.19,1044,2353
455,Grid-2,0.662,1751.604,1044,2271
456,Grid-2,0.696,1911.688,1046,2600
457,Grid-2,0.744,2399.835,1044,3396
458,Grid-2,0.702,2147.48,1052,3029
459,Grid-2,0.701,2006.276,1046,2577
460,Grid-2,0.733,1765.797,1045,2332
461,Grid-2,0.73,1890.729,1044,2503
462,Grid-2,0.704,1965.256,1051,2631
463,Grid-2,0.708,1919.685,1045,2698
464,Grid-2,0.733,1884.73,1051,2776
465,Grid-2,0.738,2007.768,1044,2687
466,Grid-2,0.733,1839.398,1044,2536
467,Grid-2,0.704,1967.346,1048,2589
468,Grid-2,0.722,1872.141,1046,2810
469,Grid-2,0.725,2022.091,1045,2642
470,Grid-2,0.725,1800.544,1044,2445
471,Grid-2,0.699,1564.248,1045,2159
472,Grid-2,0.723,1554.455,1044,2082
473,Grid-2,0.725,1668.773,1044,2299
474,Grid-2,0.711,1612.946,1044,2180
475,Grid-2,0.697,1664.889,1044,2325
476,Grid-2,0.724,1634.326,1045,2125
477,Grid-2,0.731,1782.047,1050,2441
478,Grid-2,0.724,1758.448,1044,2433
479,Grid-2,0.697,1941.841,1046,3299
480,Grid-2,0.731,2002.453,1055,2657
481,Grid-2,0.767,2393.877,1053,3574
482,Grid-2,0.733,2089.315,1046,2885
483,Grid-2,0.727,2067.169,1047,2759
484,Grid-2,0.75,1716.18,1050,2352
485,Grid-2,0.757,1904.931,1044,2575
486,Grid-2,0.728,1954.836,1046,2638
487,Grid-2,0.729,1878.168,1044,2511
488,Grid-2,0.759,1846.803,1049,2559
489,Grid-2,0.762,1966.978,1046,2693
490,Grid-2,0.759,2020.51,1046,2912
491,Grid-2,0.727,2096.436,1047,2922
492,Grid-2,0.735,1706.463,1045,2595
493,Grid-2,0.75,1906.995,1044,2546
494,Grid-2,0.744,1748.383,1044,2497
495,Grid-2,0.713,1500.908,1044,2104
496,Grid-2,0.745,1458.32,1045,1956
497,Grid-2,0.744,1565.201,1044,2122
498,Grid-2,0.743,1600.844,1044,2078
499,Grid-2,0.721,1652.777,1044,2819
500,Grid-2,0.751,1618.936,1044,2263
501,Grid-2,0.755,1702.396,1044,2289
502,Grid-2,0.75,1844.42,1044,2503
503,Grid-2,0.719,1872.972,1049,2503
504,Grid-2,0.761,2123.272,1050,3329
505,Grid-2,0.761,2331.366,1045,3135
506,Grid-2,0.723,2015.389,1044,2841
507,Grid-2,0.722,1985.035,1046,2877
508,Grid-2,0.746,1640.194,1044,2176
509,Grid-2,0.753,1832.561,1045,2601
510,Grid-2,0.728,1918.217,1046,2736
511,Grid-2,0.728,1837.695,1045,2687
512,Grid-2,0.749,1872.985,1046,4095
513,Grid-2,0.749,1961.474,1044,2580
514,Grid-2,0.756,2010.665,1044,2974
515,Grid-2,0.729,2247.509,1045,3352
516,Grid-2,0.748,2197.942,1044,3157
517,Grid-2,0.753,2510.454,1044,3274
518,Grid-2,0.752,2024.715,1044,2876
519,Grid-2,0.722,1656.096,1044,2405
520,Grid-2,0.744,1630.239,1048,2325
521,Grid-2,0.75,1768.373,1047,2410
522,Grid-2,0.746,1831.529,1045,2560
523,Grid-2,0.727,1961.21,1044,2791
524,Grid-2,0.752,1961.448,1045,2684
525,Grid-2,0.755,1990.553,1045,2797
526,Grid-2,0.745,1971.463,1044,2721
527,Grid-2,0.722,2071.503,1046,2907
528,Grid-2,0.758,2265.496,1045,3590
529,Grid-2,0.761,2401.176,1044,3702
530,Grid-2,0.73,2115.289,1045,2782
531,Grid-2,0.727,2053.914,1044,2631
532,Grid-2,0.755,1675.749,1044,2179
533,Grid-2,0.76,1959.813,1044,2578
534,Grid-2,0.737,2159.745,1046,3173
535,Grid-2,0.738,2175.301,1045,2862
536,Grid-2,0.766,2174.69,1048,2828
537,Grid-2,0.766,2247.862,1044,3159
538,Grid-2,0.767,2251.76,1047,3102
539,Grid-2,0.731,2394.645,1046,2987
540,Grid-2,0.754,2341.356,1044,3105
541,Grid-2,0.765,2519.437,1046,3326
542,Grid-2,0.764,2315.856,1044,2943
543,Grid-2,0.73,1989.678,1047,2615
544,Grid-2,0.757,1948.242,1044,2576
545,Grid-2,0.752,2083.381,1044,2799
546,Grid-2,0.752,2130.212,1045,2937
547,Grid-2,0.726,2102.702,1044,2849
548,Grid-2,0.753,2065.521,1045,2711
549,Grid-2,0.759,2160.333,1051,2830
550,Grid-2,0.759,2178.657,1046,3041
551,Grid-2,0.73,2191.549,1044,2846
552,Grid-2,0.759,2354.116,1047,3002
553,Grid-2,0.73,2292.749,1044,3218
554,Grid-2,0.7,2069.596,1044,3093
555,Grid-2,0.697,2157.901,1051,2837
556,Grid-2,0.729,1754.938,1045,2328
557,Grid-2,0.727,2037.444,1044,2791
558,Grid-2,0.703,2127.815,1046,2916
559,Grid-2,0.709,2151.75,1045,3168
560,Grid-2,0.732,2128.005,1044,3181
561,Grid-2,0.736,2173.649,1045,3474
562,Grid-2,0.74,2176.161,1045,3382
563,Grid-2,0.706,2417.274,1044,3033
564,Grid-2,0.726,2263.739,1044,3200
565,Grid-2,0.727,2447.222,1044,3431
566,Grid-2,0.734,2275.185,1045,2900
567,Grid-2,0.704,1960.458,1052,2675
568,Grid-2,0.726,1912.754,1044,2523
569,Grid-2,0.725,2020.603,1045,2761
570,Grid-2,0.725,2061.946,1046,2713
571,Grid-2,0.696,2086.337,1044,2761
572,Grid-2,0.726,2049.196,1047,2804
573,Grid-2,0.729,2126.403,1046,2847
574,Grid-2,0.729,2118.608,1044,2830
575,Grid-2,0.696,2113.0,1044,2721
576,Grid-2,0.728,2234.383,1050,3004
1,Grid-3,0.736,1991.745,1013,2620
2,Grid-3,0.714,1917.385,1012,2714
3,Grid-3,0.709,1899.661,1015,2479
4,Grid-3,0.735,1830.376,1012,2426
5,Grid-3,0.732,1691.714,1014,2405
6,Grid-3,0.702,1717.448,1012,2393
7,Grid-3,0.707,1853.134,1012,2502
8,Grid-3,0.732,1762.337,1013,2402
9,Grid-3,0.731,1674.821,1013,2136
10,Grid-3,0.694,1656.645,1012,2150
11,Grid-3,0.709,1992.535,1014,2525
12,Grid-3,0.739,2080.56,1012,2837
13,Grid-3,0.732,2004.617,1015,2696
14,Grid-3,0.705,2152.003,1012,3003
15,Grid-3,0.713,1840.415,1013,2418
16,Grid-3,0.735,1902.033,1015,2414
17,Grid-3,0.73,1915.728,1013,2658
18,Grid-3,0.711,1875.783,1014,2557
19,Grid-3,0.715,1810.427,1013,2329
20,Grid-3,0.74,1734.1,1013,2277
21,Grid-3,0.737,1824.871,1012,2299
22,Grid-3,0.717,1906.356,1012,2412
23,Grid-3,0.715,1929.731,1014,2866
24,Grid-3,0.743,2195.09,1014,3217
25,Grid-3,0.747,2131.633,1012,3171
26,Grid-3,0.719,1970.37,1013,2505
27,Grid-3,0.712,1880.109,1012,2485
28,Grid-3,0.742,1816.84,1012,2550
29,Grid-3,0.742,1827.544,1014,2352
30,Grid-3,0.718,1871.893,1012,2476
31,Grid-3,0.708,1808.509,1012,2510
32,Grid-3,0.739,1773.235,1012,2293
33,Grid-3,0.731,1687.783,1012,4095
34,Grid-3,0.71,1600.793,1012,2114
35,Grid-3,0.703,1845.777,1012,2454
36,Grid-3,0.742,2082.671,1014,2753
37,Grid-3,0.738,1972.653,1012,2712
38,Grid-3,0.714,2105.377,1015,2642
39,Grid-3,0.71,1794.627,1014,2382
40,Grid-3,0.741,1855.053,1012,2440
41,Grid-3,0.736,1878.145,1013,2399
42,Grid-3,0.712,1821.492,1014,2339
43,Grid-3,0.709,1832.562,1014,2523
44,Grid-3,0.751,1818.861,1012,2423
45,Grid-3,0.75,1953.83,1013,2599
46,Grid-3,0.72,2086.035,1013,3034
47,Grid-3,0.722,2120.428,1012,4095
48,Grid-3,0.763,2379.31,1013,3201
49,Grid-3,0.726,2031.842,1015,2682
50,Grid-3,0.697,1897.38,1013,2375
51,Grid-3,0.699,1889.533,1014,2455
52,Grid-3,0.725,1889.197,1012,2475
53,Grid-3,0.716,1879.601,1012,2482
54,Grid-3,0.694,1962.699,1014,2500
55,Grid-3,0.693,1913.173,1012,2523
56,Grid-3,0.715,1777.687,1012,2396
57,Grid-3,0.716,1690.127,1013,2533
58,Grid-3,0.69,1692.399,1013,2209
59,Grid-3,0.688,2005.71,1015,2475
60,Grid-3,0.715,2075.322,1014,2797
61,Grid-3,0.719,2026.517,1012,2743
62,Grid-3,0.698,2213.837,1014,2858
63,Grid-3,0.695,1909.734,1013,2437
64,Grid-3,0.72,1944.369,1013,2519
65,Grid-3,0.688,1901.36,1012,2494
66,Grid-3,0.716,1944.01,1015,2591
67,Grid-3,0.696,1888.654,1012,2445
68,Grid-3,0.722,1864.822,1013,2516
69,Grid-3,0.72,1963.182,1012,2537
70,Grid-3,0.694,2115.505,1013,2668
71,Grid-3,0.695,2192.117,1019,2879
72,Grid-3,0.736,2514.323,1013,3488
73,Grid-3,0.714,1923.054,1013,2610
74,Grid-3,0.74,1977.933,1012,2715
75,Grid-3,0.716,1965.572,1013,2795
76,Grid-3,0.746,1909.073,1014,2461
77,Grid-3,0.744,1968.459,1014,2580
78,Grid-3,0.717,2093.433,1017,2653
79,Grid-3,0.719,2044.033,1012,3299
80,Grid-3,0.748,2012.196,1013,2599
81,Grid-3,0.75,1901.731,1013,2518
82,Grid-3,0.719,1955.831,1013,2640
83,Grid-3,0.715,2277.912,1013,2943
84,Grid-3,0.744,2350.321,1013,3605
85,Grid-3,0.74,2257.229,1012,3468
86,Grid-3,0.717,2410.323,1017,3153
87,Grid-3,0.723,2091.489,1021,2617
88,Grid-3,0.747,2104.791,1012,3069
89,Grid-3,0.746,2123.489,1014,2837
90,Grid-3,0.719,2112.993,1012,2742
91,Grid-3,0.715,2155.5,1013,2759
92,Grid-3,0.755,2114.156,1012,2780
93,Grid-3,0.744,2182.697,1013,2773
94,Grid-3,0.718,2280.807,1013,3251
95,Grid-3,0.726,2304.036,1016,3133
96,Grid-3,0.76,2690.122,1013,3603
97,Grid-3,0.738,1913.829,1012,2531
98,Grid-3,0.711,1882.732,1013,2643
99,Grid-3,0.711,1838.981,1013,2370
100,Grid-3,0.742,1813.82,1012,2744
101,Grid-3,0.744,1837.307,1025,2629
102,Grid-3,0.72,2040.413,1016,2632
103,Grid-3,0.721,2026.262,1022,2797
104,Grid-3,0.749,1919.622,1012,2697
105,Grid-3,0.748,1841.132,1014,2397
106,Grid-3,0.717,1855.376,1018,2520
107,Grid-3,0.727,2182.553,1012,2822
108,Grid-3,0.748,2347.611,1013,3580
109,Grid-3,0.734,2117.09,1012,3361
110,Grid-3,0.719,2334.494,1012,3051
111,Grid-3,0.721,1985.488,1012,2651
112,Grid-3,0.752,2004.001,1014,2571
113,Grid-3,0.747,2024.422,1013,2833
114,Grid-3,0.713,2081.758,1013,2981
115,Grid-3,0.709,2031.833,1013,2573
116,Grid-3,0.745,1963.011,1012,2756
117,Grid-3,0.744,1968.94,1021,2664
118,Grid-3,0.717,2058.397,1012,3157
119,Grid-3,0.719,2090.21,1013,2919
120,Grid-3,0.758,2580.117,1015,3552
121,Grid-3,0.712,1928.021,1016,2616
122,Grid-3,0.685,1848.817,1013,2436
123,Grid-3,0.683,1822.865,1012,2376
124,Grid-3,0.717,1828.023,1013,2606
125,Grid-3,0.723,1874.955,1013,2403
126,Grid-3,0.695,1942.835,1018,2777
127,Grid-3,0.684,1783.944,1014,2286
128,Grid-3,0.719,1988.343,1012,2525
129,Grid-3,0.73,1926.199,1012,2654
130,Grid-3,0.682,1626.702,1015,2289
131,Grid-3,0.682,1785.09,1013,2382
132,Grid-3,0.7,1823.206,1012,2513
133,Grid-3,0.7,1743.54,1012,2292
134,Grid-3,0.682,1865.61,1018,2443
135,Grid-3,0.68,1516.345,1012,2029
136,Grid-3,0.715,1615.959,1013,2204
137,Grid-3,0.71,1780.461,1017,2385
138,Grid-3,0.689,1894.922,1013,2490
139,Grid-3,0.693,2001.384,1013,2885
140,Grid-3,0.717,1924.857,1015,2691
141,Grid-3,0.72,1939.345,1012,2740
142,Grid-3,0.696,2065.793,1014,2692
143,Grid-3,0.695,2087.032,1012,2813
144,Grid-3,0.733,2579.295,1014,3686
145,Grid-3,0.702,1916.921,1016,2650
146,Grid-3,0.679,1791.144,1012,2249
147,Grid-3,0.674,1905.556,1013,2443
148,Grid-3,0.706,1797.823,1013,2341
149,Grid-3,0.699,1786.144,1014,2359
150,Grid-3,0.684,1859.516,1013,2321
151,Grid-3,0.685,1820.05,1013,2418
152,Grid-3,0.702,1543.476,1013,2039
153,Grid-3,0.7,1499.754,1012,1983
154,Grid-3,0.666,1515.963,1014,2345
155,Grid-3,0.678,1894.821,1019,2499
156,Grid-3,0.702,1849.057,1015,2412
157,Grid-3,0.7,1761.489,1012,2388
158,Grid-3,0.672,1796.35,1013,2519
159,Grid-3,0.669,1537.342,1013,2005
160,Grid-3,0.689,1608.81,1012,2217
161,Grid-3,0.691,1604.752,1013,2236
162,Grid-3,0.668,1646.815,1015,2280
163,Grid-3,0.674,1750.83,1014,2550
164,Grid-3,0.699,1838.451,1014,2460
165,Grid-3,0.709,2022.797,1015,2599
166,Grid-3,0.681,2129.111,1012,2749
167,Grid-3,0.689,2055.188,1014,2839
168,Grid-3,0.716,2490.264,1012,3407
169,Grid-3,0.728,1926.77,1012,2934
170,Grid-3,0.706,1833.573,1016,2328
171,Grid-3,0.705,1827.949,1012,2377
172,Grid-3,0.731,1843.058,1019,2487
173,Grid-3,0.727,1828.769,1017,2478
174,Grid-3,0.697,1799.026,1017,2366
175,Grid-3,0.692,1646.525,1012,2258
176,Grid-3,0.723,1555.493,1012,2174
177,Grid-3,0.718,1552.628,1012,2291
178,Grid-3,0.691,1546.427,1013,2925
179,Grid-3,0.694,1805.854,1013,2411
180,Grid-3,0.717,1914.34,1015,2640
181,Grid-3,0.717,1759.96,1012,2473
182,Grid-3,0.702,1846.031,1012,2528
183,Grid-3,0.691,1596.657,1013,2110
184,Grid-3,0.72,1620.961,1013,2083
185,Grid-3,0.725,1671.641,1013,2230
186,Grid-3,0.691,1581.124,1013,2150
187,Grid-3,0.69,1759.465,1012,2586
188,Grid-3,0.715,1641.593,1013,2098
189,Grid-3,0.729,1884.062,1014,2587
190,Grid-3,0.709,2073.418,1014,2735
191,Grid-3,0.71,2082.401,1014,2753
192,Grid-3,0.742,2370.563,1013,3162
193,Grid-3,0.745,1863.793,1012,2444
194,Grid-3,0.723,1820.242,1013,2340
195,Grid-3,0.722,1936.396,1013,2502
196,Grid-3,0.754,2005.985,1012,2670
197,Grid-3,0.756,1930.851,1014,2716
198,Grid-3,0.719,1709.536,1013,2398
199,Grid-3,0.717,1692.192,1016,2364
200,Grid-3,0.748,1608.83,1013,2222
201,Grid-3,0.723,1547.711,1013,2035
202,Grid-3,0.744,1529.015,1020,2101
203,Grid-3,0.72,1802.737,1016,2596
204,Grid-3,0.748,1939.63,1012,2532
205,Grid-3,0.743,1825.541,1012,2447
206,Grid-3,0.719,1786.964,1012,2714
207,Grid-3,0.715,1553.727,1012,2077
208,Grid-3,0.745,1661.371,1013,2529
209,Grid-3,0.745,1629.565,1014,2178
210,Grid-3,0.714,1689.96,1012,2377
211,Grid-3,0.72,1820.216,1015,2612
212,Grid-3,0.741,1691.325,1012,2374
213,Grid-3,0.745,1865.624,1013,2442
214,Grid-3,0.722,2048.755,1012,2693
215,Grid-3,0.732,2121.451,1012,3069
216,Grid-3,0.77,2426.974,1015,3195
217,Grid-3,0.745,1882.617,1014,2380
218,Grid-3,0.722,1878.739,1012,2417
219,Grid-3,0.722,2015.504,1014,2566
220,Grid-3,0.755,2046.646,1014,2649
221,Grid-3,0.742,1792.102,1012,2486
222,Grid-3,0.717,1705.194,1013,2207
223,Grid-3,0.72,1682.467,1012,2312
224,Grid-3,0.736,1610.925,1013,2387
225,Grid-3,0.735,1520.934,1014,1986
226,Grid-3,0.717,1577.226,1012,2497
227,Grid-3,0.712,1870.7,1013,2907
228,Grid-3,0.74,1907.966,1012,2599
229,Grid-3,0.736,1797.756,1012,2342
230,Grid-3,0.718,1848.552,1012,2545
231,Grid-3,0.716,1594.482,1012,4095
232,Grid-3,0.741,1657.69,1012,2105
233,Grid-3,0.745,1669.687,1013,2769
234,Grid-3,0.71,1740.838,1012,2565
235,Grid-3,0.721,1832.034,1015,2385
236,Grid-3,0.744,1731.886,1012,2379
237,Grid-3,0.743,2008.202,1014,2769
238,Grid-3,0.726,1983.621,1014,2497
239,Grid-3,0.718,1949.593,1014,2750
240,Grid-3,0.757,2496.045,1016,3439
241,Grid-3,0.694,1924.484,1012,2501
242,Grid-3,0.672,1858.815,1018,2406
243,Grid-3,0.673,1950.11,1012,2487
244,Grid-3,0.703,2013.114,1012,2886
245,Grid-3,0.684,1687.249,1012,2362
246,Grid-3,0.664,1764.441,1016,2339
247,Grid-3,0.66,1713.407,1015,2380
248,Grid-3,0.688,1539.147,1014,2229
249,Grid-3,0.684,1514.84,1013,2214
250,Grid-3,0.666,1577.918,1013,2099
251,Grid-3,0.665,1816.659,1014,2483
252,Grid-3,0.69,1881.708,1016,2757
253,Grid-3,0.687,1741.36,1012,2250
254,Grid-3,0.67,1914.283,1013,2482
255,Grid-3,0.664,1645.941,1012,2246
256,Grid-3,0.689,1628.373,1012,2094
257,Grid-3,0.688,1635.12,1013,2228
258,Grid-3,0.666,1741.114,1013,2351
259,Grid-3,0.674,1873.904,1013,2561
260,Grid-3,0.696,1767.305,1014,2380
261,Grid-3,0.693,1898.501,1013,2662
262,Grid-3,0.679,2088.94,1014,2848
263,Grid-3,0.67,1937.59,1018,2618
264,Grid-3,0.712,2483.57,1012,3245
265,Grid-3,0.738,1957.027,1019,2510
266,Grid-3,0.71,1904.112,1013,2450
267,Grid-3,0.71,1943.355,1014,2533
268,Grid-3,0.741,2024.849,1012,2537
269,Grid-3,0.731,1716.508,1014,2401
270,Grid-3,0.707,1665.531,1012,2241
271,Grid-3,0.707,1630.552,1013,2214
272,Grid-3,0.736,1602.228,1014,2272
273,Grid-3,0.738,1536.225,1017,2246
274,Grid-3,0.711,1601.585,1013,2239
275,Grid-3,0.718,1811.842,1012,2355
276,Grid-3,0.745,1816.113,1012,2347
277,Grid-3,0.735,1722.832,1012,2275
278,Grid-3,0.718,1919.357,1013,2498
279,Grid-3,0.712,1647.377,1015,2296
280,Grid-3,0.734,1726.999,1013,2295
281,Grid-3,0.728,1777.296,1012,2374
282,Grid-3,0.704,1856.701,1013,2736
283,Grid-3,0.713,1903.435,1026,2423
284,Grid-3,0.746,1783.889,1018,2336
285,Grid-3,0.744,1854.515,1012,2489
286,Grid-3,0.714,2007.992,1012,2639
287,Grid-3,0.718,1900.848,1019,2495
288,Grid-3,0.756,2382.262,1016,3185
289,Grid-3,0.753,2200.678,1012,3087
290,Grid-3,0.72,2153.214,1013,3090
291,Grid-3,0.726,2183.191,1013,3389
292,Grid-3,0.746,2160.887,1015,2911
293,Grid-3,0.744,1720.49,1013,2503
294,Grid-3,0.716,1722.889,1012,2352
295,Grid-3,0.71,1700.646,1017,3024
296,Grid-3,0.739,1636.082,1012,2222
297,Grid-3,0.74,1547.068,1013,2093
298,Grid-3,0.711,1606.836,1014,2192
299,Grid-3,0.719,1861.926,1013,2453
300,Grid-3,0.744,1893.685,1012,2741
301,Grid-3,0.731,1767.543,1013,2416
302,Grid-3,0.722,1881.368,1012,2556
303,Grid-3,0.715,1641.0,1012,2322
304,Grid-3,0.742,1681.6,1013,2470
305,Grid-3,0.742,1722.046,1014,2331
306,Grid-3,0.714,1809.415,1013,2394
307,Grid-3,0.718,1851.064,1012,2526
308,Grid-3,0.744,1809.488,1013,2450
309,Grid-3,0.74,1856.812,1013,2409
310,Grid-3,0.707,1923.718,1012,2818
311,Grid-3,0.715,1848.094,1012,2439
312,Grid-3,0.754,2563.429,1014,3697
313,Grid-3,0.753,2167.888,1017,2740
314,Grid-3,0.723,2126.885,1012,2927
315,Grid-3,0.725,2127.063,1012,3084
316,Grid-3,0.75,2115.412,1016,3153
317,Grid-3,0.74,1710.853,1012,2308
318,Grid-3,0.714,1749.201,1012,2358
319,Grid-3,0.71,1663.877,1013,2260
320,Grid-3,0.735,1573.759,1013,2147
321,Grid-3,0.736,1568.59,1014,2197
322,Grid-3,0.712,1590.814,1014,2131
323,Grid-3,0.716,1826.321,1013,2402
324,Grid-3,0.74,1878.835,1017,2947
325,Grid-3,0.734,1755.083,1012,2623
326,Grid-3,0.713,1862.0,1013,2474
327,Grid-3,0.711,1597.697,1015,2123
328,Grid-3,0.736,1691.978,1012,2328
329,Grid-3,0.733,1703.706,1013,2375
330,Grid-3,0.71,1765.68,1012,2267
331,Grid-3,0.719,1832.667,1013,2585
332,Grid-3,0.745,1841.105,1012,2355
333,Grid-3,0.746,1942.036,1013,2464
334,Grid-3,0.71,1902.559,1012,2849
335,Grid-3,0.719,1865.564,1012,2471
336,Grid-3,0.756,2386.361,1012,3353
337,Grid-3,0.723,2198.56,1012,2848
338,Grid-3,0.701,2031.591,1012,2690
339,Grid-3,0.692,2027.478,1014,2917
340,Grid-3,0.719,2067.405,1015,3028
341,Grid-3,0.72,1747.333,1015,2438
342,Grid-3,0.685,1707.9,1013,2817
343,Grid-3,0.692,1638.003,1014,2165
344,Grid-3,0.705,1594.729,1014,2243
345,Grid-3,0.709,1578.915,1015,2319
346,Grid-3,0.69,1590.78,1015,2265
347,Grid-3,0.689,1819.964,1014,2341
348,Grid-3,0.709,1878.219,1012,2490
349,Grid-3,0.713,1719.168,1015,3326
350,Grid-3,0.698,1931.102,1013,2494
351,Grid-3,0.69,1669.204,1012,2329
352,Grid-3,0.718,1705.787,1012,2418
353,Grid-3,0.715,1699.089,1012,2237
354,Grid-3,0.687,1612.481,1012,2276
355,Grid-3,0.685,1622.087,1012,2188
356,Grid-3,0.714,1674.718,1013,2354
357,Grid-3,0.725,1933.824,1014,2449
358,Grid-3,0.692,1985.595,1014,2564
359,Grid-3,0.702,2147.78,1013,2836
360,Grid-3,0.733,2455.068,1013,3376
361,Grid-3,0.713,1920.29,1013,2579
362,Grid-3,0.687,1887.352,1013,2437
363,Grid-3,0.696,2028.756,1013,2838
364,Grid-3,0.714,1914.15,1012,2558
365,Grid-3,0.706,1697.145,1018,2267
366,Grid-3,0.683,1722.347,1014,2301
367,Grid-3,0.691,1694.66,1014,4095
368,Grid-3,0.7,1624.096,1015,2168
369,Grid-3,0.706,1571.074,1012,2124
370,Grid-3,0.686,1594.518,1013,2320
371,Grid-3,0.684,1866.786,1014,2492
372,Grid-3,0.713,1897.395,1012,2754
373,Grid-3,0.697,1786.496,1013,2310
374,Grid-3,0.687,1877.088,1014,2462
375,Grid-3,0.683,1601.002,1013,2236
376,Grid-3,0.712,1671.534,1012,2294
377,Grid-3,0.707,1616.039,1013,2275
378,Grid-3,0.672,1591.345,1012,2100
379,Grid-3,0.685,1593.773,1013,2409
380,Grid-3,0.711,1556.129,1012,2116
381,Grid-3,0.715,1655.167,1013,2223
382,Grid-3,0.693,2003.125,1012,2689
383,Grid-3,0.696,2085.029,1012,4095
384,Grid-3,0.728,2488.285,1012,3454
385,Grid-3,0.739,1930.445,1012,3174
386,Grid-3,0.714,1841.387,1012,2547
387,Grid-3,0.714,1947.626,1015,2580
388,Grid-3,0.743,1856.193,1018,2719
389,Grid-3,0.738,1914.154,1012,2675
390,Grid-3,0.706,1747.036,1015,2401
391,Grid-3,0.706,1670.49,1014,2227
392,Grid-3,0.727,1618.447,1012,2146
393,Grid-3,0.729,1605.488,1013,2306
394,Grid-3,0.7,1626.169,1012,3505
395,Grid-3,0.712,1832.905,1013,2404
396,Grid-3,0.736,1916.611,1013,2536
397,Grid-3,0.726,1755.86,1013,2534
398,Grid-3,0.711,1871.885,1017,2675
399,Grid-3,0.706,1565.433,1012,2022
400,Grid-3,0.734,1670.343,1012,2215
401,Grid-3,0.741,1631.542,1012,2132
402,Grid-3,0.697,1599.638,1014,2422
403,Grid-3,0.708,1606.83,1015,2667
404,Grid-3,0.734,1584.396,1013,2073
405,Grid-3,0.737,1654.724,1012,2313
406,Grid-3,0.715,1871.844,1012,2813
407,Grid-3,0.718,2063.833,1018,3088
408,Grid-3,0.759,2432.625,1013,3102
409,Grid-3,0.76,2235.022,1012,2849
410,Grid-3,0.734,1978.201,1014,2595
411,Grid-3,0.727,1815.855,1012,2449
412,Grid-3,0.755,1760.105,1012,2555
413,Grid-3,0.754,1877.046,1018,2498
414,Grid-3,0.728,1751.151,1013,2342
415,Grid-3,0.733,1709.334,1018,2386
416,Grid-3,0.755,1676.094,1012,2408
417,Grid-3,0.752,1626.106,1016,2246
418,Grid-3,0.729,1837.158,1014,2454
419,Grid-3,0.731,1871.013,1015,2624
420,Grid-3,0.757,1874.251,1012,2798
421,Grid-3,0.754,1746.297,1013,2273
422,Grid-3,0.735,1845.76,1012,2463
423,Grid-3,0.72,1550.737,1012,2063
424,Grid-3,0.753,1647.4,1013,2342
425,Grid-3,0.762,1622.247,1014,2248
426,Grid-3,0.719,1597.424,1012,2179
427,Grid-3,0.723,1614.99,1013,2206
428,Grid-3,0.753,1541.283,1013,2053
429,Grid-3,0.738,1861.223,1014,3043
430,Grid-3,0.76,1786.548,1013,2903
431,Grid-3,0.735,1991.681,1012,2656
432,Grid-3,0.777,2412.965,1023,3027
433,Grid-3,0.691,2270.002,1026,3083
434,Grid-3,0.667,1976.841,1012,2727
435,Grid-3,0.657,1973.941,1014,2752
436,Grid-3,0.688,1909.951,1013,2585
437,Grid-3,0.689,1869.886,1012,2593
438,Grid-3,0.665,1920.879,1017,2571
439,Grid-3,0.656,1744.392,1012,2473
440,Grid-3,0.682,1725.603,1012,2373
441,Grid-3,0.655,1576.093,1012,2259
442,Grid-3,0.65,1638.967,1014,2503
443,Grid-3,0.65,1885.291,1012,2909
444,Grid-3,0.673,1877.228,1013,2653
445,Grid-3,0.674,1741.963,1012,2323
446,Grid-3,0.657,1856.316,1012,2549
447,Grid-3,0.655,1552.368,1012,1965
448,Grid-3,0.681,1645.02,1015,2255
449,Grid-3,0.675,1654.596,1012,2341
450,Grid-3,0.647,1628.761,1013,2249
451,Grid-3,0.656,1609.409,1014,2124
452,Grid-3,0.683,1652.279,1012,2224
453,Grid-3,0.689,1775.763,1012,2487
454,Grid-3,0.666,1876.74,1015,2636
455,Grid-3,0.669,1991.161,1018,2636
456,Grid-3,0.708,2451.878,1013,3429
457,Grid-3,0.723,2282.068,1012,3006
458,Grid-3,0.697,2050.948,1016,2682
459,Grid-3,0.697,1924.711,1012,2715
460,Grid-3,0.722,1914.576,1012,2998
461,Grid-3,0.718,1869.839,1012,2717
462,Grid-3,0.695,1868.131,1012,2568
463,Grid-3,0.69,1829.487,1012,2667
464,Grid-3,0.719,1719.283,1013,2497
465,Grid-3,0.726,1884.241,1012,3129
466,Grid-3,0.685,1633.748,1014,2323
467,Grid-3,0.696,1844.006,1013,2614
468,Grid-3,0.714,1871.342,1012,2722
469,Grid-3,0.711,1747.75,1013,2547
470,Grid-3,0.691,1871.48,1017,2534
471,Grid-3,0.686,1537.275,1014,2061
472,Grid-3,0.717,1636.435,1013,2263
473,Grid-3,0.71,1544.896,1012,2118
474,Grid-3,0.685,1600.807,1012,2209
475,Grid-3,0.695,1691.132,1012,2324
476,Grid-3,0.717,1633.567,1012,2175
477,Grid-3,0.723,1754.688,1013,2398
478,Grid-3,0.702,1961.407,1012,2837
479,Grid-3,0.708,2142.092,1013,2864
480,Grid-3,0.746,2433.453,1014,3482
481,Grid-3,0.752,2195.458,1012,2827
482,Grid-3,0.718,1928.12,1012,2638
483,Grid-3,0.717,1933.071,1013,2704
484,Grid-3,0.75,1951.038,1012,2793
485,Grid-3,0.749,1918.389,1014,2947
486,Grid-3,0.715,1911.902,1016,2503
487,Grid-3,0.71,1882.791,1017,2597
488,Grid-3,0.747,1850.225,1014,2555
489,Grid-3,0.713,1692.56,1013,2408
490,Grid-3,0.738,1808.693,1014,2462
491,Grid-3,0.712,1945.32,1014,2595
492,Grid-3,0.739,1914.506,1012,2635
493,Grid-3,0.737,1772.868,1013,2313
494,Grid-3,0.711,1880.891,1016,2554
495,Grid-3,0.71,1565.764,1012,2075
496,Grid-3,0.748,1690.918,1012,2254
497,Grid-3,0.737,1683.34,1012,2157
498,Grid-3,0.713,1742.996,1013,2252
499,Grid-3,0.713,1727.436,1015,2205
500,Grid-3,0.747,1686.799,1012,2173
501,Grid-3,0.729,2165.941,1015,2776
502,Grid-3,0.753,1829.317,1013,2359
503,Grid-3,0.732,2076.207,1012,2820
504,Grid-3,0.768,2442.64,1022,3067
505,Grid-3,0.73,2077.65,1016,3041
506,Grid-3,0.709,1979.083,1020,2893
507,Grid-3,0.732,1887.457,1014,2627
508,Grid-3,0.738,1973.56,1016,2638
509,Grid-3,0.749,2083.601,1013,2944
510,Grid-3,0.715,2236.441,1014,2893
511,Grid-3,0.715,2215.296,1013,3355
512,Grid-3,0.738,2053.84,1013,2750
513,Grid-3,0.742,1819.942,1012,3067
514,Grid-3,0.712,1980.072,1013,2664
515,Grid-3,0.712,2221.144,1013,3073
516,Grid-3,0.725,1944.832,1012,2889
517,Grid-3,0.723,1794.17,1014,2391
518,Grid-3,0.705,1931.432,1013,2844
519,Grid-3,0.705,1693.406,1016,2493
520,Grid-3,0.736,1823.653,1013,2999
521,Grid-3,0.731,1738.784,1014,2537
522,Grid-3,0.703,1651.956,1012,2236
523,Grid-3,0.71,1739.581,1012,2406
524,Grid-3,0.737,1779.111,1012,2420
525,Grid-3,0.746,1948.979,1016,2557
526,Grid-3,0.713,2162.538,1017,2959
527,Grid-3,0.73,2299.059,1012,3191
528,Grid-3,0.754,2710.121,1013,3929
529,Grid-3,0.745,2022.722,1014,2581
530,Grid-3,0.708,1821.037,1012,3976
531,Grid-3,0.71,1881.169,1015,2827
532,Grid-3,0.738,2049.933,1019,2891
533,Grid-3,0.739,2094.252,1014,2718
534,Grid-3,0.721,2236.074,1025,2794
535,Grid-3,0.722,2271.994,1013,3018
536,Grid-3,0.752,2223.837,1014,2970
537,Grid-3,0.746,2019.477,1013,2771
538,Grid-3,0.72,2130.614,1017,2784
539,Grid-3,0.714,2479.823,1014,3475
540,Grid-3,0.738,2511.909,1013,3910
541,Grid-3,0.732,1955.439,1012,2785
542,Grid-3,0.713,2215.227,1012,3078
543,Grid-3,0.717,1961.901,1012,2525
544,Grid-3,0.746,2095.194,1015,2770
545,Grid-3,0.733,2043.242,1014,2798
546,Grid-3,0.707,2019.449,1022,2647
547,Grid-3,0.709,2149.615,1013,2737
548,Grid-3,0.741,2184.081,1013,3160
549,Grid-3,0.746,2268.375,1013,2904
550,Grid-3,0.713,2341.574,1013,3184
551,Grid-3,0.73,2387.767,1013,3083
552,Grid-3,0.763,2723.649,1013,4095
553,Grid-3,0.712,2066.257,1012,2738
554,Grid-3,0.692,2019.401,1014,2626
555,Grid-3,0.693,2072.806,1022,2728
556,Grid-3,0.714,2049.546,1016,3139
557,Grid-3,0.714,2059.593,1017,2754
558,Grid-3,0.684,2187.561,1014,2758
559,Grid-3,0.687,2216.889,1014,2935
560,Grid-3,0.72,2201.567,1012,2939
561,Grid-3,0.721,2138.626,1013,3149
562,Grid-3,0.695,2144.345,1015,2820
563,Grid-3,0.695,2476.792,1013,3527
564,Grid-3,0.714,2459.787,1020,3308
565,Grid-3,0.706,2245.823,1013,3314
566,Grid-3,0.693,2365.658,1013,3206
567,Grid-3,0.683,2063.732,1013,2601
568,Grid-3,0.714,2118.18,1013,2797
569,Grid-3,0.713,2111.441,1013,2699
570,Grid-3,0.689,2074.072,1017,2993
571,Grid-3,0.692,2122.828,1013,2723
572,Grid-3,0.717,2094.432,1015,3053
573,Grid-3,0.707,2187.362,1012,2968
574,Grid-3,0.685,2234.151,1017,2914
575,Grid-3,0.694,2301.835,1014,3030
576,Grid-3,0.725,2592.83,1012,4046
