ID,seq_id,type,angle-shun,center_col,center_row,col_x_1,row_y_1,angle_shun1,angle_shun2,col_x_2,row_y_2
T9-5-1-HE,1,ST,75,693.0,446.0,-360.0,-113.0,75,0.0,0.0,0.0
Slide1-6,2,Slide,75,199.0,234.5,134.0,98.5,75,1.0,-4.0,0.0
Slide1-7,4,Slide,-110,164.0,185.0,169.0,148.0,-110,1.0,-10.0,10.0
T9-5-2-HE,6,ST,-110,338.5,586.0,-5.5,-253.0,-110,-1.0,-2.0,0.0
Slide1-8,7,Slide,-110,175.5,179.5,157.5,153.5,-110,-1.0,2.0,-6.0
Slide1-9,9,Slide,80,190.5,248.5,142.5,84.5,80,-1.0,8.0,-10.0
T9-5-3-HE,11,ST,85,684.9,423.4,-351.9,-90.4,85,1.0,4.0,-4.0
Slide1-10,12,Slide,70,212.5,255.5,120.5,77.5,70,3.0,-10.0,8.0
Slide1-1,14,Slide,70,198.0,194.5,135.0,138.5,70,-3.0,0.0,6.0
T9-5-4-HE,16,ST,-110,372.5,516.5,-39.5,-183.5,-110,-1.0,2.0,-6.0
Slide1-2,17,Slide,70,201.5,188.0,131.5,145.0,70,1.0,2.0,-8.0
Slide1-3,19,Slide,-90,178.5,256.5,154.5,76.5,-90,1.0,-4.0,2.0
T9-5-5-HE,21,ST,70,630.5,383.0,-297.5,-50.0,70,1.0,-8.0,6.0
Slide1-4,22,Slide,-105,209.7,241.0,123.3,92.0,-105,-3.0,8.0,-10.0
Slide1-5,24,Slide,-100,148.6,275.6,184.4,57.4,-100,3.0,2.0,8.0
T9-5-6-HE,26,ST,-105,260.5,551.5,72.5,-218.5,-105,-1.0,6.0,-2.0
Slide2-1,27,Slide,80,263.0,253.5,70.0,79.5,80,-1.0,8.0,-4.0
Slide2-2,29,Slide,75,272.0,239.5,61.0,93.5,75,1.0,2.0,0.0
T9-5-7-HE,31,ST,-105,397.9,560.2,-64.9,-227.2,-105,-1.0,4.0,-4.0
Slide2-3,32,Slide,90,165.0,238.5,168.0,94.5,90,3.0,-10.0,-10.0
Slide2-4,34,Slide,-90,265.5,249.5,67.5,83.5,-90,-1.0,-8.0,-10.0
T9-5-8-HE,36,ST,-106,327.1,561.7,5.9,-228.7,-106,1.0,-2.0,6.0
Slide2-5,37,Slide,-100,177.4,262.8,155.6,70.2,-100,1.0,-6.0,0.0
Slide2-6,39,Slide,45,224.0,242.5,109.0,90.5,45,-1.0,-10.0,-10.0
T9-5-9-HE,41,ST,-110,345.0,514.0,-12.0,-181.0,-110,-1.0,-4.0,-2.0
Slide2-7,42,Slide,70,173.0,251.0,160.0,82.0,70,-1.0,6.0,-8.0
Slide2-8,44,Slide,60,191.5,191.0,141.5,142.0,60,1.0,8.0,-6.0
T9-11-1-HE,46,ST,80,582.0,467.0,-249.0,-134.0,80,1.0,4.0,0.0
Slide2-9,47,Slide,-90,249.0,256.0,84.0,77.0,-90,1.0,8.0,2.0
Slide2-10,49,Slide,-88,263.0,243.0,70.0,90.0,-88,1.0,0.0,-2.0
Slide3-1,54,Slide,80,244.5,198.5,88.5,134.5,80,1.0,-10.0,10.0
Slide3-2,55,Slide,78,224.5,184.5,108.5,148.5,78,-1.0,-4.0,4.0
T9-11-3-HE,56,ST,76,646.7,470.8,-313.7,-137.8,76,-1.0,2.0,-2.0
Slide3-3,57,Slide,-115,195.0,182.3,138.0,150.7,-115,1.0,-4.0,4.0
Slide3-4,59,Slide,-123,256.9,191.2,76.1,141.8,-123,-1.0,2.0,-2.0
Slide3-5,63,Slide,70,204.0,265.9,129.0,67.1,70,-1.0,6.0,0.0
Slide3-6,65,Slide,-110,215.6,238.2,117.4,94.8,-110,1.0,-2.0,10.0
T9-11-5-HE,66,ST,-110,328.8,500.0,4.2,-167.0,-110,1.0,-6.0,10.0
Slide3-7,67,Slide,-95,196.2,249.0,136.8,84.0,-95,1.0,-10.0,-2.0
Slide3-8,69,Slide,82,210.6,252.3,122.4,80.7,82,-1.0,-2.0,8.0
T9-11-6-HE,71,ST,-90,363.5,541.8,-30.5,-208.8,-90,-1.0,4.0,2.0
Slide3-9,73,Slide,75,250.3,263.3,82.7,69.7,75,3.0,-10.0,10.0
Slide3-10,75,Slide,75,264.5,232.5,68.5,100.5,75,-1.0,-2.0,10.0
T9-11-7-HE,77,ST,60,613.0,488.3,-280.0,-155.3,60,1.0,-10.0,-8.0
Slide4-1,79,Slide,68,242.7,238.2,90.3,94.8,68,1.0,-6.0,0.0
Slide4-2,81,Slide,-113,257.5,244.5,75.5,88.5,-113,-1.0,-4.0,-8.0
T9-11-8-HE,83,ST,-100,405.0,517.5,-72.0,-184.5,-100,1.0,-6.0,-10.0
Slide4-3,85,Slide,-123,250.5,275.5,82.5,57.5,-123,-1.0,6.0,-6.0
Slide4-4,87,Slide,-113,266.7,253.8,66.3,79.2,-113,1.0,2.0,-4.0
T9-11-9-HE,89,ST,-105,484.8,557.8,-151.8,-224.8,-105,1.0,-6.0,10.0
Slide4-5,91,Slide,-98,241.0,310.0,92.0,23.0,-98,-3.0,4.0,2.0
Slide4-6,93,Slide,65,246.5,299.5,86.5,33.5,65,-1.0,8.0,-6.0
T9-7-1-HE,95,ST,-103,413.0,534.5,-80.0,-201.5,-103,1.0,2.0,-4.0
Slide4-7,97,Slide,-115,247.3,249.0,85.7,84.0,-115,-1.0,8.0,-10.0
Slide4-8,99,Slide,-120,238.5,243.5,94.5,89.5,-120,1.0,2.0,-2.0
T9-7-2-HE,101,ST,70,472.5,552.0,-139.5,-219.0,70,-1.0,8.0,-6.0
Slide4-9,103,Slide,70,225.4,242.9,107.6,90.1,70,3.0,-10.0,-8.0
Slide4-10,105,Slide,-110,256.1,247.8,76.9,85.2,-110,-1.0,-4.0,4.0
T9-7-3-HE,107,ST,75,542.0,560.2,-209.0,-227.2,75,-1.0,0.0,8.0
Slide5-1,109,Slide,90,241.5,251.1,91.5,81.9,90,-1.0,6.0,-2.0
Slide5-2,111,Slide,70,249.4,241.9,83.6,91.1,70,1.0,0.0,2.0
T9-7-4-HE,113,ST,-90,431.5,532.0,-98.5,-199.0,-90,-1.0,6.0,0.0
Slide5-3,115,Slide,80,233.0,245.6,100.0,87.4,80,3.0,-8.0,-4.0
Slide5-4,117,Slide,-95,268.2,245.7,64.8,87.3,-95,1.0,-10.0,-2.0
T9-7-5-HE,119,ST,90,462.6,424.6,-129.6,-91.6,90,-1.0,-4.0,10.0
Slide5-5,121,Slide,-98,235.4,316.3,97.6,16.7,-98,-1.0,-4.0,8.0
Slide5-6,123,Slide,70,261.5,316.2,71.5,16.8,70,-1.0,4.0,4.0
T9-7-6-HE,125,ST,-125,364.0,511.5,-31.0,-178.5,-125,1.0,2.0,10.0
Slide5-7,127,Slide,70,270.5,312.5,62.5,20.5,70,-1.0,8.0,10.0
Slide5-8,129,Slide,90,269.6,317.3,63.4,15.7,90,-1.0,8.0,4.0
T9-7-8-HE,132,ST,-115,393.0,504.5,-60.0,-171.5,-115,-1.0,6.0,-2.0
Slide5-9,134,Slide,90,253.0,317.0,80.0,16.0,90,1.0,6.0,-4.0
Slide5-10,136,Slide,70,264.6,322.8,68.4,10.2,70,1.0,4.0,-4.0
T9-7-9-HE,138,ST,-90,354.7,508.0,-21.7,-175.0,-90,1.0,-6.0,-6.0
Slide6-1,140,Slide,-95,224.7,250.8,108.3,82.2,-95,-1.0,0.0,8.0
Slide6-2,142,Slide,83,261.0,308.0,72.0,25.0,83,-1.0,2.0,-2.0
T9-8-1-HE,144,ST,80,520.9,524.3,-187.9,-191.3,80,1.0,-4.0,10.0
Slide6-3,146,Slide,-103,221.2,304.4,111.8,28.6,-103,-1.0,0.0,8.0
Slide6-4,148,Slide,90,265.6,309.6,67.4,23.4,90,-1.0,8.0,-10.0
T9-8-2-HE,150,ST,62,532.3,576.0,-199.3,-243.0,62,1.0,0.0,2.0
Slide6-5,152,Slide,-100,227.4,311.2,105.6,21.8,-100,1.0,-2.0,2.0
Slide6-6,154,Slide,-98,220.1,313.0,112.9,20.0,-98,1.0,-10.0,4.0
T9-8-3-HE,156,ST,-35,412.3,527.4,-79.3,-194.4,-35,-3.0,6.0,-2.0
Slide6-7,158,Slide,-111,223.5,310.3,109.5,22.7,-111,-1.0,8.0,-10.0
Slide6-8,160,Slide,-109,224.3,305.0,108.7,28.0,-109,1.0,2.0,-10.0
T9-8-4-HE,162,ST,75,600.1,495.1,-267.1,-162.1,75,1.0,0.0,-4.0
Slide6-9,164,Slide,-105,228.4,312.1,104.6,20.9,-105,-1.0,-2.0,-8.0
Slide6-10,166,Slide,67,349.5,310.7,-16.5,22.3,67,1.0,-6.0,6.0
T9-8-5-HE,168,ST,-90,374.4,504.1,-41.4,-171.1,-90,-1.0,-2.0,6.0
Slide7-1,170,Slide,85,265.4,312.9,67.6,20.1,85,-1.0,2.0,-10.0
Slide7-2,172,Slide,65,279.2,316.5,53.8,16.5,65,1.0,-4.0,4.0
T9-8-6-HE,174,ST,-105,375.2,501.9,-42.2,-168.9,-105,-1.0,0.0,-8.0
Slide7-3,176,Slide,-93,276.1,302.1,56.9,30.9,-93,1.0,-6.0,4.0
Slide7-4,178,Slide,-105,272.0,304.5,61.0,28.5,-105,-1.0,-2.0,-10.0
T9-8-7-HE,180,ST,-105,413.1,362.9,-80.1,-29.9,-105,-1.0,4.0,-10.0
Slide7-5,182,Slide,-115,285.6,316.2,47.4,16.8,-115,1.0,0.0,-4.0
Slide7-6,184,Slide,78,279.2,316.7,53.8,16.3,78,1.0,-4.0,2.0
T9-8-8-HE,186,ST,-105,355.9,465.9,-22.9,-132.9,-105,1.0,-4.0,2.0
Slide7-7,189,Slide,-115,225.2,302.1,107.8,30.9,-115,-1.0,-10.0,2.0
Slide7-8,192,Slide,-90,240.0,310.8,93.0,22.2,-90,1.0,-10.0,-4.0
T9-8-9-HE,194,ST,90,543.7,426.4,-210.7,-93.4,90,-1.0,6.0,-2.0
Slide7-9,196,Slide,68,323.4,294.1,9.6,38.9,68,1.0,-10.0,-10.0
Slide7-10,198,Slide,70,318.0,305.8,15.0,27.2,70,1.0,-10.0,-10.0
T9-9-1-HE,200,ST,50,591.7,510.0,-258.7,-177.0,50,-1.0,-8.0,-2.0
Slide8-1,202,Slide,80,266.2,303.5,66.8,29.5,80,-1.0,-10.0,-10.0
Slide8-2,205,Slide,75,271.4,314.4,61.6,18.6,75,-1.0,0.0,-10.0
T9-9-2-HE,207,ST,-110,406.4,507.6,-73.4,-174.6,-110,3.0,-8.0,-6.0
Slide8-3,209,Slide,65,329.0,314.5,4.0,18.5,65,-1.0,-4.0,0.0
Slide8-4,211,Slide,65,334.1,328.9,-1.1,4.1,65,-1.0,2.0,-8.0
T9-9-3-HE,213,ST,-95,429.5,488.4,-96.5,-155.4,-95,5.0,-10.0,-10.0
Slide8-5,215,Slide,-100,283.5,317.5,49.5,15.5,-100,-3.0,4.0,10.0
Slide8-6,217,Slide,-100,216.0,305.0,117.0,28.0,-100,-3.0,8.0,-10.0
T9-9-4-HE,219,ST,70,642.8,427.7,-309.8,-94.7,70,1.0,8.0,-2.0
Slide8-7,221,Slide,-88,215.5,308.1,117.5,24.9,-88,1.0,0.0,4.0
Slide8-8,223,Slide,-110,274.7,309.6,58.3,23.4,-110,1.0,-8.0,10.0
T9-9-5-HE,225,ST,-95,390.5,561.0,-57.5,-228.0,-95,1.0,-8.0,8.0
Slide8-9,227,Slide,-92,296.6,315.1,36.4,17.9,-92,-1.0,-4.0,-4.0
Slide8-10,229,Slide,-120,284.2,309.1,48.8,23.9,-120,1.0,-10.0,10.0
Slide9-2,234,Slide,75,348.0,324.0,-15.0,9.0,75,-5.0,8.0,10.0
T9-9-8-HE,235,ST,-110,428.0,457.0,-95.0,-124.0,-110,-1.0,8.0,0.0
Slide9-3,237,Slide,90,311.1,380.5,21.9,-47.5,90,5.0,-10.0,-10.0
Slide9-4,239,Slide,-118,281.5,370.0,51.5,-37.0,-118,-3.0,-6.0,8.0
T9-9-9-HE,241,ST,-105,356.2,470.8,-23.2,-137.8,-105,-1.0,4.0,4.0
Slide9-5,243,Slide,75,350.5,383.0,-17.5,-50.0,75,-1.0,6.0,-2.0
Slide9-6,245,Slide,-90,267.0,389.5,66.0,-56.5,-90,-1.0,8.0,-4.0
T9-10-1-HE,247,ST,-113,360.6,474.4,-27.6,-141.4,-113,5.0,-10.0,-8.0
Slide9-7,248,Slide,65,339.5,322.1,-6.5,10.9,65,-1.0,-6.0,2.0
T9-10-2-HE,249,ST,-105,372.9,556.1,-39.9,-223.1,-105,-1.0,4.0,2.0
Slide9-8,251,Slide,-110,275.2,375.1,57.8,-42.1,-110,-1.0,8.0,4.0
Slide9-9,253,Slide,-120,272.5,366.5,60.5,-33.5,-120,-1.0,8.0,6.0
T9-10-3-HE,255,ST,-110,387.0,520.5,-54.0,-187.5,-110,1.0,4.0,4.0
Slide9-10,257,Slide,-110,282.2,374.2,50.8,-41.2,-110,1.0,-8.0,4.0
Slide10-1,259,Slide,-115,274.0,302.8,59.0,30.2,-115,-1.0,4.0,2.0
T9-10-4-HE,261,ST,-95,386.1,560.5,-53.1,-227.5,-95,-1.0,6.0,-2.0
Slide10-2,263,Slide,70,352.0,312.7,-19.0,20.3,70,1.0,8.0,-4.0
Slide10-3,264,Slide,67,355.4,369.5,-22.4,-36.5,67,1.0,-2.0,10.0
T9-10-5-HE,266,ST,70,527.5,564.5,-194.5,-231.5,70,-1.0,2.0,-2.0
Slide10-4,267,Slide,-110,278.6,374.5,54.4,-41.5,-110,-1.0,8.0,-4.0
Slide10-5,269,Slide,100,277.7,322.5,55.3,10.5,100,1.0,0.0,-10.0
T9-10-6-HE,271,ST,-95,362.4,614.5,-29.4,-281.5,-95,1.0,-6.0,6.0
Slide10-6,272,Slide,-110,277.0,387.4,56.0,-54.4,-110,1.0,-6.0,10.0
Slide10-7,274,Slide,-110,275.9,375.6,57.1,-42.6,-110,-1.0,2.0,8.0
T9-10-7-HE,276,ST,-108,384.2,503.4,-51.2,-170.4,-108,1.0,-2.0,10.0
Slide10-8,277,Slide,70,338.6,379.0,-5.6,-46.0,70,-1.0,2.0,0.0
Slide10-9,279,Slide,-115,293.8,323.2,39.2,9.8,-115,3.0,-10.0,4.0
T9-10-8-HE,281,ST,-105,368.5,531.1,-35.5,-198.1,-105,-1.0,-6.0,10.0
Slide10-10,282,Slide,80,319.9,361.9,13.1,-28.9,80,-1.0,-10.0,-8.0
Slide11-1,285,Slide,85,337.5,385.5,-4.5,-52.5,85,-1.0,0.0,10.0
T9-10-9-HE,286,ST,-105,398.9,488.3,-65.9,-155.3,-105,-1.0,6.0,-2.0
Slide11-2,287,Slide,-105,259.8,364.6,73.2,-31.6,-105,-1.0,8.0,6.0
Slide11-3,289,Slide,-105,275.6,372.6,57.4,-39.6,-105,1.0,2.0,4.0
T9-13-1-HE,291,ST,-128,421.5,477.5,-88.5,-144.5,-128,-1.0,8.0,-2.0
Slide11-4,292,Slide,-110,279.9,365.7,53.1,-32.7,-110,-1.0,8.0,-10.0
Slide11-5,294,Slide,-103,288.0,375.3,45.0,-42.3,-103,1.0,-2.0,-10.0
T9-13-2-HE,296,ST,80,541.0,478.0,-208.0,-145.0,80,1.0,-8.0,-10.0
Slide11-6,297,Slide,-117,289.7,370.6,43.3,-37.6,-117,1.0,-10.0,4.0
Slide11-7,299,Slide,73,349.0,377.0,-16.0,-44.0,73,-1.0,-4.0,10.0
T9-13-3-HE,301,ST,-104,477.5,469.0,-144.5,-136.0,-104,-1.0,0.0,-10.0
Slide11-8,302,Slide,-114,264.5,370.5,68.5,-37.5,-114,1.0,-8.0,10.0
Slide11-9,304,Slide,75,330.1,368.0,2.9,-35.0,75,1.0,-2.0,-2.0
T9-13-4-HE,306,ST,-115,430.9,471.3,-97.9,-138.3,-115,-1.0,-2.0,0.0
Slide11-10,307,Slide,-105,261.2,374.5,71.8,-41.5,-105,1.0,-8.0,10.0
Slide12-1,309,Slide,65,342.6,371.8,-9.6,-38.8,65,-1.0,-2.0,8.0
T9-13-6-HE,317,ST,-108,443.1,536.9,-110.1,-203.9,-108,1.0,-10.0,-6.0
Slide12-4,319,Slide,-107,289.5,373.0,43.5,-40.0,-107,-1.0,-8.0,-4.0
T9-13-7-HE,321,ST,72,577.3,459.3,-244.3,-126.3,72,-1.0,4.0,0.0
Slide12-5,323,Slide,70,313.0,374.5,20.0,-41.5,70,3.0,-10.0,-10.0
Slide12-6,326,Slide,-107,270.1,367.8,62.9,-34.8,-107,-1.0,-10.0,10.0
T9-13-8-HE,327,ST,-109,407.5,492.0,-74.5,-159.0,-109,-1.0,-2.0,-8.0
Slide12-8,330,Slide,72,340.8,307.3,-7.8,25.7,72,-1.0,8.0,-10.0
T9-13-9-HE,331,ST,-110,434.4,470.3,-101.4,-137.3,-110,3.0,-6.0,10.0
T9-14-1-HE,332,ST,-105,452.0,459.5,-119.0,-126.5,-105,1.0,-10.0,-10.0
Slide12-9,333,Slide,-118,286.0,374.4,47.0,-41.4,-118,-1.0,-10.0,8.0
Slide12-10,335,Slide,68,346.0,324.0,-13.0,9.0,68,-3.0,8.0,4.0
T9-14-3-HE,337,ST,-102,433.5,533.0,-100.5,-200.0,-102,-1.0,4.0,-8.0
Slide13-1,338,Slide,-100,285.9,367.4,47.1,-34.4,-100,1.0,-2.0,0.0
Slide13-4,341,Slide,-101,269.0,376.0,64.0,-43.0,-101,-1.0,8.0,2.0
T9-14-4-HE,342,ST,-120,442.6,457.9,-109.6,-124.9,-120,-1.0,8.0,2.0
Slide13-5,343,Slide,76,350.5,383.0,-17.5,-50.0,76,-1.0,2.0,-10.0
Slide13-6,345,Slide,-111,282.2,317.4,50.8,15.6,-111,3.0,0.0,-10.0
T9-14-5-HE,346,ST,80,532.6,543.9,-199.6,-210.9,80,-3.0,4.0,-4.0
Slide13-7,347,Slide,-118,285.3,319.5,47.7,13.5,-118,3.0,-6.0,-10.0
Slide13-8,349,Slide,-120,279.2,309.8,53.8,23.2,-120,1.0,-10.0,-8.0
T9-14-6-HE,351,ST,-115,381.7,522.5,-48.7,-189.5,-115,1.0,-10.0,-6.0
Slide13-9,353,Slide,-110,264.0,310.5,69.0,22.5,-110,-3.0,4.0,6.0
Slide13-10,355,Slide,-115,281.0,308.0,52.0,25.0,-115,-1.0,8.0,-10.0
T9-14-7-HE,357,ST,-107,487.0,458.5,-154.0,-125.5,-107,3.0,-10.0,-6.0
Slide14-2,359,Slide,-113,215.9,303.1,117.1,29.9,-113,-1.0,-4.0,2.0
T9-14-8-HE,361,ST,60,515.5,554.3,-182.5,-221.3,60,1.0,-10.0,-6.0
Slide14-3,362,Slide,-120,274.4,288.8,58.6,44.2,-120,-1.0,4.0,10.0
Slide14-4,364,Slide,63,333.5,312.0,-0.5,21.0,63,-1.0,8.0,-10.0
T9-14-9-HE,366,ST,-106,355.8,499.8,-22.8,-166.8,-106,1.0,6.0,2.0
Slide14-5,367,Slide,65,331.2,370.2,1.8,-37.2,65,-1.0,8.0,2.0
Slide14-6,369,Slide,-120,222.2,317.9,110.8,15.1,-120,1.0,8.0,-8.0
T9-16-1-HE,371,ST,-120,427.9,474.2,-94.9,-141.2,-120,1.0,4.0,-2.0
Slide14-7,372,Slide,-110,232.0,309.5,101.0,23.5,-110,1.0,-6.0,-4.0
Slide14-8,374,Slide,65,269.0,304.0,64.0,29.0,65,1.0,-4.0,10.0
T9-16-2-HE,377,ST,75,523.4,520.3,-190.4,-187.3,75,-1.0,0.0,10.0
Slide14-9,378,Slide,-109,251.5,313.0,81.5,20.0,-109,-1.0,-8.0,-10.0
Slide14-10,380,Slide,70,257.1,309.5,75.9,23.5,70,-1.0,2.0,-10.0
T9-16-3-HE,381,ST,60,537.5,504.8,-204.5,-171.8,60,1.0,-8.0,8.0
Slide15-1,382,Slide,-110,222.3,311.0,110.7,22.0,-110,-1.0,-10.0,8.0
Slide15-2,384,Slide,77,255.3,313.1,77.7,19.9,77,-1.0,0.0,-10.0
T9-16-4-HE,387,ST,-113,411.8,472.2,-78.8,-139.2,-113,-1.0,-2.0,6.0
Slide15-3,388,Slide,-108,215.6,294.0,117.4,39.0,-108,-1.0,2.0,2.0
Slide15-4,390,Slide,60,255.2,314.7,77.8,18.3,60,3.0,-8.0,6.0
T9-16-5-HE,391,ST,-120,402.0,445.3,-69.0,-112.3,-120,-1.0,-6.0,0.0
Slide15-5,392,Slide,55,263.3,313.3,69.7,19.7,55,-1.0,-2.0,-8.0
Slide15-6,395,Slide,-92,235.7,300.5,97.3,32.5,-92,1.0,-6.0,-10.0
T9-16-6-HE,396,ST,80,520.0,539.5,-187.0,-206.5,80,1.0,-10.0,0.0
Slide15-7,398,Slide,-115,219.5,300.2,113.5,32.8,-115,-1.0,0.0,10.0
Slide15-8,400,Slide,-122,227.4,301.0,105.6,32.0,-122,-3.0,4.0,0.0
T9-16-7-HE,403,ST,-128,499.1,527.8,-166.1,-194.8,-128,1.0,-2.0,-10.0
Slide15-9,404,Slide,-120,230.5,295.5,102.5,37.5,-120,-1.0,0.0,-6.0
Slide15-10,406,Slide,65,275.1,299.3,57.9,33.7,65,1.0,0.0,-2.0
T9-16-8-HE,408,ST,-120,418.7,493.9,-85.7,-160.9,-120,1.0,-4.0,8.0
Slide16-1,410,Slide,-129,224.0,333.0,109.0,0.0,-129,3.0,0.0,6.0
Slide16-2,412,Slide,-125,235.9,341.8,97.1,-8.8,-125,3.0,-10.0,8.0
T9-16-9-HE,414,ST,70,487.4,448.0,-154.4,-115.0,70,-1.0,-2.0,-10.0
Slide16-3,416,Slide,-126,247.9,356.4,85.1,-23.4,-126,3.0,-10.0,-10.0
Slide16-4,418,Slide,30,251.3,244.2,81.7,88.8,30,-3.0,-8.0,-4.0
T9-17-1-HE,420,ST,-130,456.2,514.5,-123.2,-181.5,-130,-1.0,-2.0,-10.0
Slide16-5,422,Slide,-135,235.5,270.0,97.5,63.0,-135,1.0,-4.0,-10.0
Slide16-6,424,Slide,50,256.2,246.1,76.8,86.9,50,1.0,-10.0,-4.0
T9-17-2-HE,426,ST,30,549.8,410.9,-216.8,-77.9,30,-1.0,-8.0,10.0
Slide16-7,428,Slide,-110,170.0,250.0,163.0,83.0,-110,-1.0,-4.0,-10.0
Slide16-8,430,Slide,67,256.8,242.2,76.2,90.8,67,1.0,-8.0,0.0
T9-17-3-HE,432,ST,-123,386.2,513.0,-53.2,-180.0,-123,1.0,-10.0,-4.0
Slide16-9,436,Slide,-125,187.5,229.7,145.5,103.3,-125,-5.0,-10.0,-10.0
T9-17-4-HE,438,ST,53,549.3,479.0,-216.3,-146.0,53,1.0,-8.0,-10.0
Slide16-10,440,Slide,155,180.0,179.1,153.0,153.9,155,-1.0,-10.0,-4.0
Slide17-1,442,Slide,-120,176.0,188.9,157.0,144.1,-120,-1.0,-10.0,-10.0
T9-17-5-HE,444,ST,72,438.5,466.4,-105.5,-133.4,72,-1.0,-8.0,-8.0
Slide17-2,446,Slide,-85,173.1,177.1,159.9,155.9,-85,1.0,-10.0,-4.0
Slide17-3,448,Slide,-50,237.2,202.9,95.8,130.1,-50,1.0,0.0,10.0
T9-17-6-HE,451,ST,-100,434.8,580.4,-101.8,-247.4,-100,-1.0,6.0,10.0
Slide17-4,453,Slide,-110,144.5,199.0,188.5,134.0,-110,1.0,0.0,10.0
Slide17-5,455,Slide,54,197.9,172.2,135.1,160.8,54,1.0,-6.0,8.0
T9-17-7-HE,457,ST,-118,519.4,491.9,-186.4,-158.9,-118,-1.0,2.0,4.0
Slide17-6,460,Slide,60,211.2,175.6,121.8,157.4,60,-1.0,4.0,2.0
Slide17-7,462,Slide,-120,157.6,200.9,175.4,132.1,-120,1.0,0.0,8.0
T9-17-8-HE,464,ST,57,493.4,470.8,-160.4,-137.8,57,-1.0,2.0,2.0
Slide17-8,467,Slide,30,195.5,186.3,137.5,146.7,30,-1.0,8.0,-4.0
Slide17-9,469,Slide,80,218.0,176.0,115.0,157.0,80,1.0,4.0,4.0
T9-17-9-HE,471,ST,-120,453.5,549.0,-120.5,-216.0,-120,-1.0,8.0,0.0
Slide17-10,473,Slide,-152,173.2,180.2,159.8,152.8,-152,1.0,4.0,2.0
Slide18-1,475,Slide,-15,202.5,232.5,130.5,100.5,-15,-1.0,4.0,10.0
T9-18-1-HE,477,ST,-20,578.5,518.5,-245.5,-185.5,-20,-1.0,8.0,-8.0
Slide18-2,479,Slide,60,206.5,248.2,126.5,84.8,60,-1.0,4.0,-4.0
Slide18-3,481,Slide,-20,265.5,185.0,67.5,148.0,-20,1.0,6.0,-6.0
T9-18-2-HE,483,ST,-115,495.2,521.7,-162.2,-188.7,-115,1.0,4.0,6.0
Slide18-4,485,Slide,55,251.6,191.1,81.4,141.9,55,-1.0,8.0,8.0
Slide18-5,487,Slide,-115,229.6,248.4,103.4,84.6,-115,1.0,8.0,10.0
T9-18-3-HE,489,ST,87,512.7,451.9,-179.7,-118.9,87,1.0,4.0,10.0
Slide18-6,491,Slide,60,255.5,181.1,77.5,151.9,60,-1.0,8.0,10.0
Slide18-7,493,Slide,-120,235.5,188.5,97.5,144.5,-120,-1.0,8.0,10.0
T9-18-4-HE,495,ST,-110,457.0,544.0,-124.0,-211.0,-110,1.0,8.0,10.0
Slide18-8,498,Slide,-120,244.1,182.7,88.9,150.3,-120,-1.0,8.0,10.0
T9-18-5-HE,501,ST,-128,452.0,525.5,-119.0,-192.5,-128,3.0,6.0,10.0
Slide18-9,503,Slide,-128,245.0,192.5,88.0,140.5,-128,-3.0,8.0,4.0
Slide18-10,505,Slide,65,246.0,187.0,87.0,146.0,65,1.0,4.0,10.0
T9-18-6-HE,507,ST,150,481.9,444.3,-148.9,-111.3,150,-1.0,8.0,10.0
Slide19-1,510,Slide,-20,181.4,254.9,151.6,78.1,-20,-1.0,8.0,8.0
Slide19-2,511,Slide,-45,237.4,251.7,95.6,81.3,-45,-1.0,6.0,10.0
T9-18-7-HE,513,ST,-35,517.0,483.2,-184.0,-150.2,-35,-1.0,8.0,8.0
Slide19-4,516,Slide,-103,240.2,245.0,92.8,88.0,-103,1.0,4.0,10.0
T9-18-8-HE,519,ST,65,509.4,470.6,-176.4,-137.6,65,1.0,6.0,10.0
Slide19-5,521,Slide,-105,255.7,247.8,77.3,85.2,-105,-1.0,6.0,0.0
Slide19-6,523,Slide,-120,244.7,244.2,88.3,88.8,-120,-1.0,8.0,6.0
T9-18-9-HE,525,ST,50,581.0,541.3,-248.0,-208.3,50,1.0,6.0,8.0
Slide19-7,527,Slide,55,247.1,263.8,85.9,69.2,55,-1.0,0.0,10.0
Slide19-8,529,Slide,70,254.9,173.9,78.1,159.1,70,3.0,8.0,10.0
T9-19-1-HE,531,ST,70,567.1,450.6,-234.1,-117.6,70,-1.0,8.0,2.0
Slide19-9,533,Slide,140,238.2,245.5,94.8,87.5,140,-1.0,6.0,2.0
Slide19-10,535,Slide,55,243.5,255.0,89.5,78.0,55,1.0,-4.0,4.0
T9-19-2-HE,537,ST,-120,442.7,515.0,-109.7,-182.0,-120,-1.0,2.0,-2.0
Slide20-1,539,Slide,-105,251.6,168.7,81.4,164.3,-105,-1.0,4.0,-4.0
Slide20-2,541,Slide,-140,259.0,241.0,74.0,92.0,-140,-1.0,4.0,-10.0
T9-19-3-HE,543,ST,-90,430.0,527.6,-97.0,-194.6,-90,1.0,8.0,-8.0
Slide20-3,545,Slide,-115,242.2,248.2,90.8,84.8,-115,1.0,-2.0,4.0
T9-19-4-HE,549,ST,-120,389.6,485.2,-56.6,-152.2,-120,-3.0,-4.0,-2.0
Slide20-5,551,Slide,-120,249.7,179.5,83.3,153.5,-120,3.0,2.0,2.0
Slide20-6,553,Slide,-100,242.0,233.0,91.0,100.0,-100,-1.0,-4.0,0.0
T9-19-5-HE,555,ST,160,474.0,453.5,-141.0,-120.5,160,-1.0,8.0,-10.0
Slide20-7,557,Slide,180,201.1,249.0,131.9,84.0,180,3.0,-6.0,10.0
Slide20-8,559,Slide,90,248.5,256.6,84.5,76.4,90,-1.0,-6.0,4.0
T9-19-6-HE,561,ST,-120,386.1,514.2,-53.1,-181.2,-120,-1.0,0.0,-2.0
Slide20-9,563,Slide,-90,248.6,237.8,84.4,95.2,-90,-1.0,6.0,-6.0
Slide20-10,565,Slide,70,252.5,247.6,80.5,85.4,70,1.0,0.0,8.0
T9-19-7-HE,567,ST,-115,437.8,516.7,-104.8,-183.7,-115,1.0,-4.0,6.0
Slide21-1,569,Slide,-110,251.9,249.0,81.1,84.0,-110,-1.0,2.0,2.0
T9-19-8-HE,573,ST,-105,433.0,604.0,-100.0,-271.0,-105,1.0,8.0,10.0
Slide21-2,575,Slide,85,256.4,270.3,76.6,62.7,85,-1.0,-8.0,4.0
Slide21-3,577,Slide,-100,258.5,245.7,74.5,87.3,-100,-1.0,8.0,-4.0
T9-19-9-HE,579,ST,-100,448.0,589.6,-115.0,-256.6,-100,3.0,-4.0,10.0
Slide21-4,581,Slide,-120,256.1,259.7,76.9,73.3,-120,-1.0,-2.0,6.0
T9-20-1-HE,585,ST,-115,470.1,469.5,-137.1,-136.5,-115,-1.0,2.0,2.0
Slide21-6,587,Slide,-115,255.7,248.3,77.3,84.7,-115,-1.0,6.0,-8.0
Slide21-7,589,Slide,-155,265.8,254.3,67.2,78.7,-155,1.0,-2.0,-10.0
T9-20-2-HE,591,ST,70,592.6,458.6,-259.6,-125.6,70,-1.0,2.0,-6.0
Slide21-8,593,Slide,-90,245.3,249.9,87.7,83.1,-90,1.0,4.0,4.0
Slide21-9,595,Slide,-110,252.0,243.8,81.0,89.2,-110,1.0,-8.0,8.0
T9-20-3-HE,597,ST,-115,444.0,540.4,-111.0,-207.4,-115,1.0,-10.0,10.0
Slide21-10,599,Slide,70,250.2,253.9,82.8,79.1,70,-1.0,2.0,6.0
Slide22-1,601,Slide,-115,269.1,308.1,63.9,24.9,-115,1.0,-6.0,10.0
Slide22-2,607,Slide,-100,255.2,253.5,77.8,79.5,-100,-1.0,8.0,8.0
Slide22-3,609,Slide,-105,258.5,252.4,74.5,80.6,-105,-1.0,4.0,-2.0
T9-20-6-HE,611,ST,-155,463.6,510.9,-130.6,-177.9,-155,-1.0,8.0,-8.0
Slide22-4,613,Slide,-60,252.3,245.6,80.7,87.4,-60,1.0,-2.0,-4.0
Slide22-5,615,Slide,-82,258.3,238.1,74.7,94.9,-82,-1.0,8.0,-4.0
T9-20-7-HE,617,ST,-120,404.5,434.7,-71.5,-101.7,-120,1.0,-2.0,4.0
Slide22-6,619,Slide,-120,252.0,254.0,81.0,79.0,-120,-1.0,4.0,-2.0
Slide22-7,621,Slide,-110,244.0,252.2,89.0,80.8,-110,1.0,0.0,6.0
T9-20-8-HE,623,ST,-140,420.0,462.0,-87.0,-129.0,-140,1.0,-6.0,8.0
Slide22-8,625,Slide,-120,273.4,256.0,59.6,77.0,-120,-1.0,2.0,0.0
Slide22-9,627,Slide,-100,249.2,252.1,83.8,80.9,-100,1.0,4.0,10.0
T9-20-9-HE,629,ST,-95,388.9,570.7,-55.9,-237.7,-95,-1.0,-4.0,-10.0
Slide22-10,631,Slide,90,229.4,272.5,103.6,60.5,90,1.0,-8.0,0.0
